CBSA,Core Based Statistical Area,Pollutant,Trend Statistic,Number of Trend Sites,1990,1991,1992,1993,1994,1995,1996,1997,1998,1999,2000,2001,2002,2003,2004,2005,2006,2007,2008,2009,2010,2011,2012,2013,2014,2015,2016,Target Geo Id 2000,Target Geo Id2 2000,Geographical Area_x,MSA,Population 2000,Housing  units 2000,Area in square miles - Total area 2000,Area in square miles - Water area 2000,Area in square miles - Land area 2000,Density per square mile of land area - Population 2000,Density per square mile of land area - Housing  units 2000,Target Geo Id 2010,Target Geo Id2 2010,Geographical Area_y,Population 2010,Housing units 2010,Area in square miles - Total area 2010,Area in square miles - Water area 2010,Area in square miles - Land area 2010,Density per square mile of land area - Population 2010,Density per square mile of land area - Housing units 2010
10580,"Albany-Schenectady-Troy, NY",O3,4th Max,2,0.086,0.086,0.086,0.082,0.08,0.079,0.077,0.08,0.079,0.088,0.07,0.089,0.091,0.081,0.075,0.082,0.07,0.078,0.078,0.066,0.072,0.066,0.071,0.063,0.061,0.062,0.068,3800000US0160,160,"United States - In metropolitan statistical area - Albany-Schenectady-Troy, NY MSA","Albany-Schenectady-Troy, NY MSA",875583,386262,3288.62,66.42,3222.19,271.7,119.9,310M100US10580,10580,"United States - In metropolitan statistical area - Albany-Schenectady-Troy, NY MSA",870716,393297,2878.22,66.66,2811.55,309.7,139.9
10740,"Albuquerque, NM",NO2,98th Percentile,1,72,77,83,88,78,67,75,80,57,56,55,54,57,55,52,51,53,64,65,48,53,50,49,45,42,43,44,3800000US0200,200,"United States - In metropolitan statistical area - Albuquerque, NM MSA","Albuquerque, NM MSA",712738,298583,5951.18,8.18,5943,119.9,50.2,310M100US10740,10740,"United States - In metropolitan statistical area - Albuquerque, NM MSA",887077,374404,9297.16,14.66,9282.5,95.6,40.3
10740,"Albuquerque, NM",PM10,2nd Max,2,51.5,61.5,42.5,60,45,48.5,36.5,47,38.7,41.3,35.5,38,53,60,28,46,32,30,28.5,33,21.5,91,58,57,63,32,41.5,3800000US0200,200,"United States - In metropolitan statistical area - Albuquerque, NM MSA","Albuquerque, NM MSA",712738,298583,5951.18,8.18,5943,119.9,50.2,310M100US10740,10740,"United States - In metropolitan statistical area - Albuquerque, NM MSA",887077,374404,9297.16,14.66,9282.5,95.6,40.3
10740,"Albuquerque, NM",NO2,Annual Mean,1,18,2,21,24,23,18,22,19,16,16,17,17,19,18,17,16,15,15,13,12,12,13,14,12,12,11,10,3800000US0200,200,"United States - In metropolitan statistical area - Albuquerque, NM MSA","Albuquerque, NM MSA",712738,298583,5951.18,8.18,5943,119.9,50.2,310M100US10740,10740,"United States - In metropolitan statistical area - Albuquerque, NM MSA",887077,374404,9297.16,14.66,9282.5,95.6,40.3
10740,"Albuquerque, NM",CO,2nd Max,1,5.1,5.5,4.4,5,4.5,3.8,4.1,3.5,3.7,3.8,3.3,2.9,2.8,2.1,2.2,2,2,1.6,1.2,1.1,1.1,1.3,1.6,0.9,1.2,1.4,1.2,3800000US0200,200,"United States - In metropolitan statistical area - Albuquerque, NM MSA","Albuquerque, NM MSA",712738,298583,5951.18,8.18,5943,119.9,50.2,310M100US10740,10740,"United States - In metropolitan statistical area - Albuquerque, NM MSA",887077,374404,9297.16,14.66,9282.5,95.6,40.3
10740,"Albuquerque, NM",O3,4th Max,3,0.072,0.067,0.064,0.064,0.074,0.07,0.067,0.066,0.071,0.072,0.072,0.071,0.074,0.076,0.071,0.073,0.071,0.069,0.064,0.064,0.066,0.069,0.07,0.067,0.062,0.066,0.065,3800000US0200,200,"United States - In metropolitan statistical area - Albuquerque, NM MSA","Albuquerque, NM MSA",712738,298583,5951.18,8.18,5943,119.9,50.2,310M100US10740,10740,"United States - In metropolitan statistical area - Albuquerque, NM MSA",887077,374404,9297.16,14.66,9282.5,95.6,40.3
11020,"Altoona, PA",SO2,99th Percentile,1,119,100,94,76,103,70,75,73,59,71,62,68,51,62,61,72,48,56,55,51,36,32,28,29,30,31,13,3800000US0280,280,"United States - In metropolitan statistical area - Altoona, PA MSA","Altoona, PA MSA",129144,55061,527.11,1.31,525.8,245.6,104.7,310M100US11020,11020,"United States - In metropolitan statistical area - Altoona, PA MSA",127089,56276,527.07,1.27,525.8,241.7,107
11020,"Altoona, PA",O3,4th Max,1,0.081,0.092,0.079,0.086,0.092,0.091,0.083,0.096,0.098,0.091,0.08,0.083,0.089,0.083,0.073,0.077,0.071,0.071,0.075,0.065,0.072,0.074,0.08,0.065,0.06,0.069,0.062,3800000US0280,280,"United States - In metropolitan statistical area - Altoona, PA MSA","Altoona, PA MSA",129144,55061,527.11,1.31,525.8,245.6,104.7,310M100US11020,11020,"United States - In metropolitan statistical area - Altoona, PA MSA",127089,56276,527.07,1.27,525.8,241.7,107
11260,"Anchorage, AK",CO,2nd Max,1,9.7,8.4,10.8,9.7,8.6,7.4,8.7,7.1,8.4,7.8,5.4,5.7,4.7,5.7,6.4,4.8,4.3,3.6,3.8,4.4,3.8,3.6,4.3,3.1,2.5,2.8,3,3800000US0380,380,"United States - In metropolitan statistical area - Anchorage, AK MSA","Anchorage, AK MSA",260283,100368,1961.09,263.88,1697.21,153.4,59.1,310M100US11260,11260,"United States - In metropolitan statistical area - Anchorage, AK MSA",380821,154361,27218.61,906.03,26312.58,14.5,5.9
11700,"Asheville, NC",O3,4th Max,1,0.073,0.063,0.064,0.066,0.069,0.076,0.074,0.075,0.09,0.084,0.09,0.076,0.09,0.07,0.073,0.079,0.071,0.073,0.071,0.064,0.071,0.067,0.067,0.061,0.064,0.065,0.062,3800000US0480,480,"United States - In metropolitan statistical area - Asheville, NC MSA","Asheville, NC MSA",225965,103695,1111.39,5.98,1105.41,204.4,93.8,310M100US11700,11700,"United States - In metropolitan statistical area - Asheville, NC MSA",424858,213637,2041.43,8.43,2033,209,105.1
12940,"Baton Rouge, LA",SO2,99th Percentile,1,104,128,142,116,128,136,139,197,141,143,151,126,137,114,137,167,137,135,133,140,87,48,32,27,25,18,22,3800000US0760,760,"United States - In metropolitan statistical area - Baton Rouge, LA MSA","Baton Rouge, LA MSA",602894,242827,1679.89,93.71,1586.18,380.1,153.1,310M100US12940,12940,"United States - In metropolitan statistical area - Baton Rouge, LA MSA",802484,329729,4214.53,187.61,4026.92,199.3,81.9
12940,"Baton Rouge, LA",NO2,98th Percentile,2,48,48,48,48,41,41,42,44,46,46,47,46,40,40,40,38,39,37,35,39,35,32,30,28,30,28,28,3800000US0760,760,"United States - In metropolitan statistical area - Baton Rouge, LA MSA","Baton Rouge, LA MSA",602894,242827,1679.89,93.71,1586.18,380.1,153.1,310M100US12940,12940,"United States - In metropolitan statistical area - Baton Rouge, LA MSA",802484,329729,4214.53,187.61,4026.92,199.3,81.9
12940,"Baton Rouge, LA",NO2,Annual Mean,2,10,10,10,10,11,10,10,10,10,10,11,10,10,10,9,9,9,9,8,8,7,6,6,6,6,6,6,3800000US0760,760,"United States - In metropolitan statistical area - Baton Rouge, LA MSA","Baton Rouge, LA MSA",602894,242827,1679.89,93.71,1586.18,380.1,153.1,310M100US12940,12940,"United States - In metropolitan statistical area - Baton Rouge, LA MSA",802484,329729,4214.53,187.61,4026.92,199.3,81.9
12940,"Baton Rouge, LA",CO,2nd Max,1,4.6,4.6,4.6,9,4.6,3.4,4.7,5.4,3.9,4.5,3.6,4.8,3.7,3.1,2.7,2.1,3.3,1.6,1.8,1.1,2,1.4,1.7,1.8,1.3,1.2,1.1,3800000US0760,760,"United States - In metropolitan statistical area - Baton Rouge, LA MSA","Baton Rouge, LA MSA",602894,242827,1679.89,93.71,1586.18,380.1,153.1,310M100US12940,12940,"United States - In metropolitan statistical area - Baton Rouge, LA MSA",802484,329729,4214.53,187.61,4026.92,199.3,81.9
12940,"Baton Rouge, LA",O3,4th Max,3,0.105,0.089,0.081,0.078,0.082,0.091,0.085,0.087,0.087,0.087,0.09,0.077,0.077,0.09,0.083,0.09,0.088,0.081,0.074,0.076,0.075,0.078,0.074,0.064,0.071,0.069,0.066,3800000US0760,760,"United States - In metropolitan statistical area - Baton Rouge, LA MSA","Baton Rouge, LA MSA",602894,242827,1679.89,93.71,1586.18,380.1,153.1,310M100US12940,12940,"United States - In metropolitan statistical area - Baton Rouge, LA MSA",802484,329729,4214.53,187.61,4026.92,199.3,81.9
13140,"Beaumont-Port Arthur, TX",SO2,99th Percentile,2,200,200,120,151,175,104,123,123,115,96,135,91,79,78,80,79,161,87,72,82,75,44,50,34,36,38,42,3800000US0840,840,"United States - In metropolitan statistical area - Beaumont-Port Arthur, TX MSA","Beaumont-Port Arthur, TX MSA",385090,156697,2388.17,233.89,2154.28,178.8,72.7,310M100US13140,13140,"United States - In metropolitan statistical area - Beaumont-Port Arthur, TX MSA",388745,162334,2389.73,289.2,2100.53,185.1,77.3
13140,"Beaumont-Port Arthur, TX",NO2,98th Percentile,1,50,50,50,67,57,46,46,45,44,53,41,49,42,43,44,39,40,43,45,37,39,38,34,33,33,32,30,3800000US0840,840,"United States - In metropolitan statistical area - Beaumont-Port Arthur, TX MSA","Beaumont-Port Arthur, TX MSA",385090,156697,2388.17,233.89,2154.28,178.8,72.7,310M100US13140,13140,"United States - In metropolitan statistical area - Beaumont-Port Arthur, TX MSA",388745,162334,2389.73,289.2,2100.53,185.1,77.3
13140,"Beaumont-Port Arthur, TX",NO2,Annual Mean,2,8,9,10,9,10,10,10,10,8,10,8,9,8,8,8,8,8,7,7,6,7,6,6,6,5,5,5,3800000US0840,840,"United States - In metropolitan statistical area - Beaumont-Port Arthur, TX MSA","Beaumont-Port Arthur, TX MSA",385090,156697,2388.17,233.89,2154.28,178.8,72.7,310M100US13140,13140,"United States - In metropolitan statistical area - Beaumont-Port Arthur, TX MSA",388745,162334,2389.73,289.2,2100.53,185.1,77.3
13140,"Beaumont-Port Arthur, TX",O3,4th Max,3,0.087,0.097,0.094,0.088,0.081,0.098,0.082,0.092,0.086,0.072,0.091,0.077,0.078,0.082,0.08,0.079,0.083,0.075,0.069,0.072,0.077,0.076,0.071,0.064,0.064,0.069,0.061,3800000US0840,840,"United States - In metropolitan statistical area - Beaumont-Port Arthur, TX MSA","Beaumont-Port Arthur, TX MSA",385090,156697,2388.17,233.89,2154.28,178.8,72.7,310M100US13140,13140,"United States - In metropolitan statistical area - Beaumont-Port Arthur, TX MSA",388745,162334,2389.73,289.2,2100.53,185.1,77.3
13380,"Bellingham, WA",O3,4th Max,1,0.061,0.058,0.056,0.058,0.059,0.054,0.062,0.052,0.056,0.05,0.052,0.05,0.053,0.056,0.062,0.055,0.055,0.052,0.049,0.046,0.048,0.043,0.047,0.043,0.046,0.048,0.045,3800000US0860,860,"United States - In metropolitan statistical area - Bellingham, WA MSA","Bellingham, WA MSA",166814,73893,2503.55,384.02,2119.53,78.7,34.9,310M100US13380,13380,"United States - In metropolitan statistical area - Bellingham, WA MSA",201140,90665,2503.47,396.61,2106.86,95.5,43
13740,"Billings, MT",SO2,99th Percentile,2,298,257,265,337,230,241,224,110,94,104,98,100,101,105,89,59,51,64,58,49,88,70,56,39,68,46,31,3800000US0880,880,"United States - In metropolitan statistical area - Billings, MT MSA","Billings, MT MSA",129352,54563,2649.05,13.9,2635.15,49.1,20.7,310M100US13740,13740,"United States - In metropolitan statistical area - Billings, MT MSA",158050,70384,4711.19,29.11,4682.08,33.8,15
13900,"Bismarck, ND",SO2,99th Percentile,1,68,68,68,59,50,69,66,55,72,88,65,62,59,69,69,61,45,63,55,42,59,52,40,24,9,9,11,3800000US1010,1010,"United States - In metropolitan statistical area - Bismarck, ND MSA","Bismarck, ND MSA",94719,39590,3613.32,53.96,3559.36,26.6,11.1,310M100US13900,13900,"United States - In metropolitan statistical area - Bismarck, ND MSA",108779,47833,3613.74,54.82,3558.92,30.6,13.4
13900,"Bismarck, ND",O3,4th Max,1,0.059,0.059,0.061,0.053,0.057,0.057,0.057,0.062,0.06,0.059,0.055,0.057,0.058,0.062,0.05,0.057,0.064,0.059,0.06,0.057,0.061,0.058,0.057,0.061,0.06,0.064,0.054,3800000US1010,1010,"United States - In metropolitan statistical area - Bismarck, ND MSA","Bismarck, ND MSA",94719,39590,3613.32,53.96,3559.36,26.6,11.1,310M100US13900,13900,"United States - In metropolitan statistical area - Bismarck, ND MSA",108779,47833,3613.74,54.82,3558.92,30.6,13.4
13900,"Bismarck, ND",NO2,Annual Mean,1,0,1,1,1,2,2,1,2,2,3,2,3,2,2,2,2,2,2,2,2,2,1,2,2,2,2,2,3800000US1010,1010,"United States - In metropolitan statistical area - Bismarck, ND MSA","Bismarck, ND MSA",94719,39590,3613.32,53.96,3559.36,26.6,11.1,310M100US13900,13900,"United States - In metropolitan statistical area - Bismarck, ND MSA",108779,47833,3613.74,54.82,3558.92,30.6,13.4
15380,"Buffalo-Cheektowaga-Niagara Falls, NY",SO2,99th Percentile,1,89,218,86,72,63,63,70,67,67,60,81,69,50,63,44,37,28,27,20,20,15,22,14,11,8,11,7,3800000US1280,1280,"United States - In metropolitan statistical area - Buffalo-Niagara Falls, NY MSA","Buffalo-Niagara Falls, NY MSA",1170111,511583,2366.73,799.57,1567.16,746.6,326.4,310M100US15380,15380,"United States - In metropolitan statistical area - Buffalo-Niagara Falls, NY MSA",1135509,519094,2366.52,801.47,1565.05,725.5,331.7
15380,"Buffalo-Cheektowaga-Niagara Falls, NY",NO2,Annual Mean,1,23,22,21,19,21,21,22,20,21,22,22,21,20,20,18,19,16,16,15,14,13,13,10,10,9,11,10,3800000US1280,1280,"United States - In metropolitan statistical area - Buffalo-Niagara Falls, NY MSA","Buffalo-Niagara Falls, NY MSA",1170111,511583,2366.73,799.57,1567.16,746.6,326.4,310M100US15380,15380,"United States - In metropolitan statistical area - Buffalo-Niagara Falls, NY MSA",1135509,519094,2366.52,801.47,1565.05,725.5,331.7
15380,"Buffalo-Cheektowaga-Niagara Falls, NY",CO,2nd Max,1,3.5,3.8,6.1,4.4,4.2,3.1,3.7,3.3,3.1,2.2,2,1.9,1.8,2.4,1.4,1.6,1.7,1.1,1,1.1,1.3,1.4,1.1,1.3,1.3,1.5,0.9,3800000US1280,1280,"United States - In metropolitan statistical area - Buffalo-Niagara Falls, NY MSA","Buffalo-Niagara Falls, NY MSA",1170111,511583,2366.73,799.57,1567.16,746.6,326.4,310M100US15380,15380,"United States - In metropolitan statistical area - Buffalo-Niagara Falls, NY MSA",1135509,519094,2366.52,801.47,1565.05,725.5,331.7
15380,"Buffalo-Cheektowaga-Niagara Falls, NY",O3,4th Max,2,0.089,0.094,0.08,0.077,0.082,0.088,0.078,0.077,0.092,0.089,0.083,0.099,0.102,0.092,0.078,0.09,0.079,0.084,0.075,0.066,0.072,0.071,0.081,0.068,0.062,0.069,0.072,3800000US1280,1280,"United States - In metropolitan statistical area - Buffalo-Niagara Falls, NY MSA","Buffalo-Niagara Falls, NY MSA",1170111,511583,2366.73,799.57,1567.16,746.6,326.4,310M100US15380,15380,"United States - In metropolitan statistical area - Buffalo-Niagara Falls, NY MSA",1135509,519094,2366.52,801.47,1565.05,725.5,331.7
15940,"Canton-Massillon, OH",O3,4th Max,2,0.088,0.091,0.079,0.09,0.084,0.093,0.085,0.083,0.096,0.09,0.084,0.089,0.096,0.087,0.075,0.081,0.077,0.086,0.077,0.064,0.079,0.079,0.074,0.069,0.063,0.07,0.072,3800000US1320,1320,"United States - In metropolitan statistical area - Canton-Massillon, OH MSA","Canton-Massillon, OH MSA",406934,170040,979.92,9.11,970.81,419.2,175.2,310M100US15940,15940,"United States - In metropolitan statistical area - Canton-Massillon, OH MSA",404422,178913,979.46,9.58,969.88,417,184.5
16740,"Charlotte-Concord-Gastonia, NC-SC",O3,4th Max,2,0.098,0.091,0.085,0.098,0.089,0.094,0.099,0.098,0.107,0.104,0.094,0.093,0.101,0.081,0.08,0.088,0.086,0.092,0.083,0.07,0.08,0.083,0.079,0.064,0.066,0.066,0.066,3800000US1520,1520,"United States - In metropolitan statistical area - Charlotte-Gastonia-Rock Hill, NC-SC MSA","Charlotte-Gastonia-Rock Hill, NC-SC MSA",1499293,615923,3440.94,64.14,3376.81,444,182.4,310M100US16740,16740,"United States - In metropolitan statistical area - Charlotte-Gastonia-Rock Hill, NC-SC MSA",1758038,737775,3146.9,61.72,3085.19,569.8,239.1
16860,"Chattanooga, TN-GA",PM10,2nd Max,1,75,83,67,63,66,59,65,51,51,49,67,64,46,49,41,45,43,44,35,22,38,33,28,31,23,23,23,3800000US1560,1560,"United States - In metropolitan statistical area - Chattanooga, TN-GA MSA","Chattanooga, TN-GA MSA",465161,200427,1871.89,48.31,1823.58,255.1,109.9,310M100US16860,16860,"United States - In metropolitan statistical area - Chattanooga, TN-GA MSA",528143,234440,2137.82,48.85,2088.97,252.8,112.2
16860,"Chattanooga, TN-GA",O3,4th Max,1,0.091,0.082,0.078,0.087,0.084,0.086,0.085,0.089,0.097,0.098,0.098,0.082,0.099,0.08,0.076,0.077,0.088,0.085,0.076,0.066,0.076,0.074,0.077,0.061,0.064,0.068,0.065,3800000US1560,1560,"United States - In metropolitan statistical area - Chattanooga, TN-GA MSA","Chattanooga, TN-GA MSA",465161,200427,1871.89,48.31,1823.58,255.1,109.9,310M100US16860,16860,"United States - In metropolitan statistical area - Chattanooga, TN-GA MSA",528143,234440,2137.82,48.85,2088.97,252.8,112.2
17900,"Columbia, SC",O3,4th Max,1,0.093,0.074,0.07,0.089,0.082,0.079,0.077,0.086,0.098,0.094,0.096,0.082,0.084,0.075,0.082,0.082,0.082,0.077,0.077,0.064,0.07,0.077,0.065,0.053,0.056,0.056,0.065,3800000US1760,1760,"United States - In metropolitan statistical area - Columbia, SC MSA","Columbia, SC MSA",536691,220771,1529.6,73.93,1455.67,368.7,151.7,310M100US17900,17900,"United States - In metropolitan statistical area - Columbia, SC MSA",767598,331470,3834.02,131.27,3702.75,207.3,89.5
17980,"Columbus, GA-AL",O3,4th Max,1,0.071,0.071,0.079,0.077,0.075,0.089,0.08,0.08,0.091,0.089,0.087,0.073,0.079,0.07,0.068,0.078,0.08,0.083,0.073,0.065,0.068,0.068,0.066,0.06,0.061,0.062,0.065,3800000US1800,1800,"United States - In metropolitan statistical area - Columbus, GA-AL MSA","Columbus, GA-AL MSA",274624,112617,1592.48,22.44,1570.04,174.9,71.7,310M100US17980,17980,"United States - In metropolitan statistical area - Columbus, GA-AL MSA",294865,128214,1959.8,23.67,1936.13,152.3,66.2
18140,"Columbus, OH",PM10,2nd Max,1,91,79,79,74,78,77,60,72,83,86,73,68,77,76,77,85,55,76,79,49,126,71,62,41,46,51,52,3800000US1840,1840,"United States - In metropolitan statistical area - Columbus, OH MSA","Columbus, OH MSA",1540157,653067,3169.24,28,3141.24,490.3,207.9,310M100US18140,18140,"United States - In metropolitan statistical area - Columbus, OH MSA",1836536,792340,4014.17,46.96,3967.2,462.9,199.7
18140,"Columbus, OH",CO,2nd Max,1,4.8,6.5,5.8,5.3,4.1,4.9,2.7,2.9,3.7,2.5,2.8,2.6,2.5,3,2.6,2,2.1,1.6,1.6,1.5,1.7,1.5,1.6,1,1.3,1.5,1.8,3800000US1840,1840,"United States - In metropolitan statistical area - Columbus, OH MSA","Columbus, OH MSA",1540157,653067,3169.24,28,3141.24,490.3,207.9,310M100US18140,18140,"United States - In metropolitan statistical area - Columbus, OH MSA",1836536,792340,4014.17,46.96,3967.2,462.9,199.7
18140,"Columbus, OH",O3,4th Max,2,0.09,0.098,0.083,0.083,0.087,0.091,0.09,0.088,0.095,0.093,0.085,0.083,0.096,0.084,0.074,0.084,0.075,0.079,0.07,0.069,0.073,0.075,0.077,0.065,0.067,0.066,0.069,3800000US1840,1840,"United States - In metropolitan statistical area - Columbus, OH MSA","Columbus, OH MSA",1540157,653067,3169.24,28,3141.24,490.3,207.9,310M100US18140,18140,"United States - In metropolitan statistical area - Columbus, OH MSA",1836536,792340,4014.17,46.96,3967.2,462.9,199.7
18580,"Corpus Christi, TX",SO2,99th Percentile,1,70,70,90,110,93,96,50,39,47,40,33,28,28,39,40,33,22,17,24,12,16,9,5,4,4,3,3,3800000US1880,1880,"United States - In metropolitan statistical area - Corpus Christi, TX MSA","Corpus Christi, TX MSA",380783,147905,1873.48,346.01,1527.47,249.3,96.8,310M100US18580,18580,"United States - In metropolitan statistical area - Corpus Christi, TX MSA",428185,182909,2401.53,617.53,1784.01,240,102.5
18580,"Corpus Christi, TX",O3,4th Max,2,0.081,0.073,0.079,0.081,0.079,0.089,0.08,0.074,0.082,0.085,0.082,0.075,0.081,0.08,0.074,0.068,0.07,0.069,0.072,0.066,0.073,0.077,0.067,0.066,0.066,0.064,0.062,3800000US1880,1880,"United States - In metropolitan statistical area - Corpus Christi, TX MSA","Corpus Christi, TX MSA",380783,147905,1873.48,346.01,1527.47,249.3,96.8,310M100US18580,18580,"United States - In metropolitan statistical area - Corpus Christi, TX MSA",428185,182909,2401.53,617.53,1784.01,240,102.5
19340,"Davenport-Moline-Rock Island, IA-IL",SO2,99th Percentile,1,64,61,58,55,53,51,42,53,52,45,46,36,25,30,34,37,29,17,12,14,17,19,12,15,10,7,4,3800000US1960,1960,"United States - In metropolitan statistical area - Davenport-Moline-Rock Island, IA-IL MSA","Davenport-Moline-Rock Island, IA-IL MSA",359062,151408,1744.93,37.03,1707.9,210.2,88.7,310M100US19340,19340,"United States - In metropolitan statistical area - Davenport-Moline-Rock Island, IA-IL MSA",379690,167110,2313.84,43.92,2269.91,167.3,73.6
19500,"Decatur, IL",SO2,99th Percentile,1,101,84,61,61,89,71,62,62,60,101,58,65,41,49,45,44,46,51,44,36,49,33,38,33,38,39,54,3800000US2040,2040,"United States - In metropolitan statistical area - Decatur, IL MSA","Decatur, IL MSA",114706,50241,585.38,4.86,580.52,197.6,86.5,310M100US19500,19500,"United States - In metropolitan statistical area - Decatur, IL MSA",110768,50475,585.86,5.18,580.69,190.8,86.9
19500,"Decatur, IL",O3,4th Max,1,0.076,0.087,0.078,0.065,0.079,0.08,0.094,0.077,0.078,0.087,0.077,0.071,0.085,0.071,0.064,0.076,0.071,0.077,0.066,0.067,0.069,0.075,0.076,0.064,0.067,0.066,0.066,3800000US2040,2040,"United States - In metropolitan statistical area - Decatur, IL MSA","Decatur, IL MSA",114706,50241,585.38,4.86,580.52,197.6,86.5,310M100US19500,19500,"United States - In metropolitan statistical area - Decatur, IL MSA",110768,50475,585.86,5.18,580.69,190.8,86.9
21340,"El Paso, TX",NO2,Annual Mean,1,16,18,21,21,23,23,22,21,19,17,16,18,18,18,17,17,16,16,16,14,13,13,12,11,12,11,11,3800000US2320,2320,"United States - In metropolitan statistical area - El Paso, TX MSA","El Paso, TX MSA",679622,224447,1014.68,1.57,1013.11,670.8,221.5,310M100US21340,21340,"United States - In metropolitan statistical area - El Paso, TX MSA",800647,270307,1014.96,2.27,1012.69,790.6,266.9
21340,"El Paso, TX",CO,2nd Max,1,8.2,6.5,6.4,4.7,5,4.8,4.6,4.9,4.7,3.1,3.7,4.5,2.8,2.7,2.3,2.6,1.9,1.7,1.8,1.6,1.3,1.3,1.2,1.1,1.1,1.1,1.1,3800000US2320,2320,"United States - In metropolitan statistical area - El Paso, TX MSA","El Paso, TX MSA",679622,224447,1014.68,1.57,1013.11,670.8,221.5,310M100US21340,21340,"United States - In metropolitan statistical area - El Paso, TX MSA",800647,270307,1014.96,2.27,1012.69,790.6,266.9
21340,"El Paso, TX",O3,4th Max,2,0.08,0.071,0.076,0.072,0.076,0.078,0.078,0.068,0.08,0.069,0.082,0.077,0.083,0.077,0.072,0.075,0.081,0.075,0.075,0.066,0.072,0.07,0.072,0.071,0.068,0.07,0.068,3800000US2320,2320,"United States - In metropolitan statistical area - El Paso, TX MSA","El Paso, TX MSA",679622,224447,1014.68,1.57,1013.11,670.8,221.5,310M100US21340,21340,"United States - In metropolitan statistical area - El Paso, TX MSA",800647,270307,1014.96,2.27,1012.69,790.6,266.9
21500,"Erie, PA",SO2,99th Percentile,1,203,134,157,179,143,124,122,120,151,171,96,124,88,85,72,80,44,38,38,36,28,20,16,12,15,17,17,3800000US2360,2360,"United States - In metropolitan statistical area - Erie, PA MSA","Erie, PA MSA",280843,114322,1558.4,756.46,801.95,350.2,142.6,310M100US21500,21500,"United States - In metropolitan statistical area - Erie, PA MSA",280566,119138,1558.23,759.08,799.15,351.1,149.1
21500,"Erie, PA",NO2,98th Percentile,1,66,51,56,60,65,56,55,54,54,62,49,53,49,51,52,57,57,48,49,38,40,41,31,36,40,43,43,3800000US2360,2360,"United States - In metropolitan statistical area - Erie, PA MSA","Erie, PA MSA",280843,114322,1558.4,756.46,801.95,350.2,142.6,310M100US21500,21500,"United States - In metropolitan statistical area - Erie, PA MSA",280566,119138,1558.23,759.08,799.15,351.1,149.1
21500,"Erie, PA",NO2,Annual Mean,1,15,13,13,14,15,15,15,15,14,15,12,12,12,12,12,13,11,11,9,8,8,7,6,6,6,6,5,3800000US2360,2360,"United States - In metropolitan statistical area - Erie, PA MSA","Erie, PA MSA",280843,114322,1558.4,756.46,801.95,350.2,142.6,310M100US21500,21500,"United States - In metropolitan statistical area - Erie, PA MSA",280566,119138,1558.23,759.08,799.15,351.1,149.1
21500,"Erie, PA",O3,4th Max,1,0.084,0.091,0.084,0.081,0.09,0.088,0.083,0.087,0.098,0.096,0.078,0.089,0.098,0.091,0.074,0.086,0.077,0.084,0.074,0.069,0.075,0.072,0.082,0.068,0.065,0.066,0.067,3800000US2360,2360,"United States - In metropolitan statistical area - Erie, PA MSA","Erie, PA MSA",280843,114322,1558.4,756.46,801.95,350.2,142.6,310M100US21500,21500,"United States - In metropolitan statistical area - Erie, PA MSA",280566,119138,1558.23,759.08,799.15,351.1,149.1
21660,"Eugene, OR",PM10,2nd Max,1,142,184,161,151,143,135,78,91,78,93,69,75,79,60,50,73,47,59,45,45,38,46,41,40,44,31,25,3800000US2400,2400,"United States - In metropolitan statistical area - Eugene-Springfield, OR MSA","Eugene-Springfield, OR MSA",322959,138946,4721.79,167.79,4554,70.9,30.5,310M100US21660,21660,"United States - In metropolitan statistical area - Eugene-Springfield, OR MSA",351715,156112,4721.87,168.75,4553.12,77.2,34.3
21660,"Eugene, OR",O3,4th Max,2,0.068,0.068,0.073,0.054,0.069,0.062,0.086,0.058,0.076,0.062,0.056,0.064,0.066,0.075,0.066,0.068,0.073,0.06,0.059,0.065,0.058,0.059,0.061,0.055,0.058,0.07,0.057,3800000US2400,2400,"United States - In metropolitan statistical area - Eugene-Springfield, OR MSA","Eugene-Springfield, OR MSA",322959,138946,4721.79,167.79,4554,70.9,30.5,310M100US21660,21660,"United States - In metropolitan statistical area - Eugene-Springfield, OR MSA",351715,156112,4721.87,168.75,4553.12,77.2,34.3
22180,"Fayetteville, NC",O3,4th Max,1,0.087,0.078,0.079,0.093,0.084,0.081,0.086,0.085,0.093,0.1,0.086,0.081,0.094,0.086,0.072,0.084,0.072,0.08,0.075,0.065,0.071,0.073,0.068,0.062,0.061,0.06,0.064,3800000US2560,2560,"United States - In metropolitan statistical area - Fayetteville, NC MSA","Fayetteville, NC MSA",302963,118425,658.46,5.74,652.72,464.2,181.4,310M100US22180,22180,"United States - In metropolitan statistical area - Fayetteville, NC MSA",366383,153735,1050.66,7.6,1043.06,351.3,147.4
22660,"Fort Collins, CO",CO,2nd Max,1,7,9.8,6.9,6.6,6,5.2,5.1,5.2,4.1,5.1,3.8,3,2.9,2.5,3.1,2.4,2.7,2.4,3,1.8,1.7,1.3,1.7,1.4,1.4,1.4,1.3,3800000US2670,2670,"United States - In metropolitan statistical area - Fort Collins-Loveland, CO MSA","Fort Collins-Loveland, CO MSA",251494,105392,2633.86,32.56,2601.3,96.7,40.5,310M100US22660,22660,"United States - In metropolitan statistical area - Fort Collins-Loveland, CO MSA",299630,132722,2633.95,37.95,2596,115.4,51.1
22660,"Fort Collins, CO",O3,4th Max,2,0.066,0.074,0.069,0.068,0.072,0.072,0.069,0.07,0.076,0.069,0.074,0.069,0.08,0.081,0.069,0.076,0.077,0.074,0.071,0.066,0.072,0.073,0.077,0.074,0.071,0.069,0.07,3800000US2670,2670,"United States - In metropolitan statistical area - Fort Collins-Loveland, CO MSA","Fort Collins-Loveland, CO MSA",251494,105392,2633.86,32.56,2601.3,96.7,40.5,310M100US22660,22660,"United States - In metropolitan statistical area - Fort Collins-Loveland, CO MSA",299630,132722,2633.95,37.95,2596,115.4,51.1
23060,"Fort Wayne, IN",O3,4th Max,2,0.086,0.088,0.088,0.081,0.094,0.094,0.091,0.087,0.089,0.089,0.086,0.078,0.095,0.087,0.071,0.081,0.072,0.079,0.068,0.065,0.067,0.071,0.076,0.062,0.063,0.061,0.068,3800000US2760,2760,"United States - In metropolitan statistical area - Fort Wayne, IN MSA","Fort Wayne, IN MSA",502141,206237,2460.13,12.57,2447.56,205.2,84.3,310M100US23060,23060,"United States - In metropolitan statistical area - Fort Wayne, IN MSA",416257,178124,1368.18,7.22,1360.96,305.9,130.9
23420,"Fresno, CA",PM10,2nd Max,2,150.5,124.5,103.5,115.5,110,113.5,88.5,97.5,105.5,121.5,111.5,120.5,86.5,81.5,66,89,98.5,83.5,82,66.5,61.5,73,69.5,85,82,80,75,3800000US2840,2840,"United States - In metropolitan statistical area - Fresno, CA MSA","Fresno, CA MSA",922516,311154,8170.74,72.16,8098.59,113.9,38.4,310M100US23420,23420,"United States - In metropolitan statistical area - Fresno, CA MSA",930450,315531,6011.2,53.21,5957.99,156.2,53
23420,"Fresno, CA",NO2,98th Percentile,1,100,100,90,90,85,78,76,73,70,93,82,70,73,75,63,64,64,60,66,57,57,56,56,59,57,43,43,3800000US2840,2840,"United States - In metropolitan statistical area - Fresno, CA MSA","Fresno, CA MSA",922516,311154,8170.74,72.16,8098.59,113.9,38.4,310M100US23420,23420,"United States - In metropolitan statistical area - Fresno, CA MSA",930450,315531,6011.2,53.21,5957.99,156.2,53
23420,"Fresno, CA",NO2,Annual Mean,3,20,21,20,20,19,19,18,17,17,20,18,17,17,17,15,14,14,14,12,11,9,10,10,11,10,9,8,3800000US2840,2840,"United States - In metropolitan statistical area - Fresno, CA MSA","Fresno, CA MSA",922516,311154,8170.74,72.16,8098.59,113.9,38.4,310M100US23420,23420,"United States - In metropolitan statistical area - Fresno, CA MSA",930450,315531,6011.2,53.21,5957.99,156.2,53
23420,"Fresno, CA",CO,2nd Max,3,4.9,5.2,3.8,3.4,4.1,3.5,3.3,3,2.9,2.8,2.8,2.6,2.3,1.9,2,1.7,2.2,1.7,1.4,1.5,1.2,1.6,1.4,1.8,1.1,1.1,1.2,3800000US2840,2840,"United States - In metropolitan statistical area - Fresno, CA MSA","Fresno, CA MSA",922516,311154,8170.74,72.16,8098.59,113.9,38.4,310M100US23420,23420,"United States - In metropolitan statistical area - Fresno, CA MSA",930450,315531,6011.2,53.21,5957.99,156.2,53
23420,"Fresno, CA",O3,4th Max,4,0.098,0.102,0.105,0.105,0.094,0.102,0.107,0.103,0.116,0.103,0.106,0.107,0.112,0.104,0.089,0.093,0.094,0.087,0.101,0.093,0.095,0.096,0.093,0.089,0.09,0.09,0.089,3800000US2840,2840,"United States - In metropolitan statistical area - Fresno, CA MSA","Fresno, CA MSA",922516,311154,8170.74,72.16,8098.59,113.9,38.4,310M100US23420,23420,"United States - In metropolitan statistical area - Fresno, CA MSA",930450,315531,6011.2,53.21,5957.99,156.2,53
24580,"Green Bay, WI",SO2,99th Percentile,1,106,128,111,69,71,74,66,96,61,65,87,67,62,58,53,78,68,77,78,67,69,72,72,76,79,69,13,3800000US3080,3080,"United States - In metropolitan statistical area - Green Bay, WI MSA","Green Bay, WI MSA",226778,90199,615.42,86.75,528.68,429,170.6,310M100US24580,24580,"United States - In metropolitan statistical area - Green Bay, WI MSA",306241,137212,2848.8,978.59,1870.21,163.7,73.4
26580,"Huntington-Ashland, WV-KY-OH",SO2,99th Percentile,2,143,143,114,121,129,52,57,57,66,68,54,55,44,46,53,49,41,42,43,27,36,36,15,14,16,14,7,3800000US3400,3400,"United States - In metropolitan statistical area - Huntington-Ashland, WV-KY-OH MSA","Huntington-Ashland, WV-KY-OH MSA",315538,141398,2185.97,26.75,2159.22,146.1,65.5,310M100US26580,26580,"United States - In metropolitan statistical area - Huntington-Ashland, WV-KY-OH MSA",287702,131132,1773.87,29.24,1744.63,164.9,75.2
26580,"Huntington-Ashland, WV-KY-OH",PM10,2nd Max,1,72,63,67,66,73,79,86,94,92,73,72,58,62,56,69,72,72,94,87,49,90,63,92,74,36,56,50,3800000US3400,3400,"United States - In metropolitan statistical area - Huntington-Ashland, WV-KY-OH MSA","Huntington-Ashland, WV-KY-OH MSA",315538,141398,2185.97,26.75,2159.22,146.1,65.5,310M100US26580,26580,"United States - In metropolitan statistical area - Huntington-Ashland, WV-KY-OH MSA",287702,131132,1773.87,29.24,1744.63,164.9,75.2
26580,"Huntington-Ashland, WV-KY-OH",O3,4th Max,2,0.091,0.089,0.076,0.093,0.096,0.089,0.082,0.082,0.102,0.096,0.079,0.088,0.091,0.079,0.07,0.08,0.079,0.084,0.072,0.062,0.07,0.073,0.076,0.06,0.062,0.066,0.064,3800000US3400,3400,"United States - In metropolitan statistical area - Huntington-Ashland, WV-KY-OH MSA","Huntington-Ashland, WV-KY-OH MSA",315538,141398,2185.97,26.75,2159.22,146.1,65.5,310M100US26580,26580,"United States - In metropolitan statistical area - Huntington-Ashland, WV-KY-OH MSA",287702,131132,1773.87,29.24,1744.63,164.9,75.2
26620,"Huntsville, AL",PM10,2nd Max,3,58,64.3,48,53,49.5,50.3,44.7,45,45.7,44.7,56.7,39.7,40.7,43,40.7,43.3,39,50,33,25.7,35,34.3,29.3,26,29.3,42.7,39,3800000US3440,3440,"United States - In metropolitan statistical area - Huntsville, AL MSA","Huntsville, AL MSA",342376,147185,1419.93,46.96,1372.97,249.4,107.2,310M100US26620,26620,"United States - In metropolitan statistical area - Huntsville, AL MSA",417593,181424,1419.89,58.36,1361.53,306.7,133.3
26620,"Huntsville, AL",O3,4th Max,1,0.079,0.082,0.087,0.087,0.075,0.08,0.081,0.086,0.092,0.093,0.088,0.08,0.078,0.079,0.077,0.075,0.079,0.082,0.073,0.066,0.071,0.072,0.076,0.064,0.064,0.063,0.066,3800000US3440,3440,"United States - In metropolitan statistical area - Huntsville, AL MSA","Huntsville, AL MSA",342376,147185,1419.93,46.96,1372.97,249.4,107.2,310M100US26620,26620,"United States - In metropolitan statistical area - Huntsville, AL MSA",417593,181424,1419.89,58.36,1361.53,306.7,133.3
27140,"Jackson, MS",O3,4th Max,1,0.079,0.069,0.067,0.07,0.068,0.075,0.076,0.079,0.082,0.082,0.08,0.078,0.072,0.069,0.068,0.072,0.078,0.071,0.068,0.061,0.067,0.073,0.066,0.059,0.06,0.06,0.06,3800000US3560,3560,"United States - In metropolitan statistical area - Jackson, MS MSA","Jackson, MS MSA",440801,174138,2425.4,64.59,2360.81,186.7,73.8,310M100US27140,27140,"United States - In metropolitan statistical area - Jackson, MS MSA",539057,222584,3795.09,68.95,3726.14,144.7,59.7
27260,"Jacksonville, FL",SO2,99th Percentile,5,167,90,98,104,114,100,68,72,91,86,99,93,76,56,64,69,69,42,34,28,58,46,26,27,33,22,22,3800000US3600,3600,"United States - In metropolitan statistical area - Jacksonville, FL MSA","Jacksonville, FL MSA",1100491,467451,3109.22,473.88,2635.34,417.6,177.4,310M100US27260,27260,"United States - In metropolitan statistical area - Jacksonville, FL MSA",1345596,598490,3698.42,497.34,3201.08,420.4,187
27260,"Jacksonville, FL",NO2,Annual Mean,1,15,14,14,15,14,16,15,14,15,16,15,13,15,14,14,13,12,10,9,8,9,8,8,8,8,7,7,3800000US3600,3600,"United States - In metropolitan statistical area - Jacksonville, FL MSA","Jacksonville, FL MSA",1100491,467451,3109.22,473.88,2635.34,417.6,177.4,310M100US27260,27260,"United States - In metropolitan statistical area - Jacksonville, FL MSA",1345596,598490,3698.42,497.34,3201.08,420.4,187
27260,"Jacksonville, FL",CO,2nd Max,2,4,3.8,3.9,4.2,3.9,3.7,3.1,2.3,3.1,3.5,3,2.8,2.3,2.2,2,2.1,1.4,1.7,1.4,0.9,1.3,1.8,1.4,0.7,0.8,0.9,1.8,3800000US3600,3600,"United States - In metropolitan statistical area - Jacksonville, FL MSA","Jacksonville, FL MSA",1100491,467451,3109.22,473.88,2635.34,417.6,177.4,310M100US27260,27260,"United States - In metropolitan statistical area - Jacksonville, FL MSA",1345596,598490,3698.42,497.34,3201.08,420.4,187
27260,"Jacksonville, FL",O3,4th Max,1,0.08,0.069,0.075,0.08,0.069,0.068,0.073,0.073,0.084,0.08,0.072,0.072,0.066,0.067,0.078,0.076,0.079,0.076,0.071,0.065,0.068,0.067,0.059,0.055,0.062,0.06,0.057,3800000US3600,3600,"United States - In metropolitan statistical area - Jacksonville, FL MSA","Jacksonville, FL MSA",1100491,467451,3109.22,473.88,2635.34,417.6,177.4,310M100US27260,27260,"United States - In metropolitan statistical area - Jacksonville, FL MSA",1345596,598490,3698.42,497.34,3201.08,420.4,187
27780,"Johnstown, PA",SO2,99th Percentile,1,182,162,147,159,143,102,85,86,110,84,88,92,82,90,86,97,94,68,75,68,56,39,44,49,54,34,21,3800000US3680,3680,"United States - In metropolitan statistical area - Johnstown, PA MSA","Johnstown, PA MSA",232621,102959,1774.6,11.92,1762.68,132,58.4,310M100US27780,27780,"United States - In metropolitan statistical area - Johnstown, PA MSA",143679,65650,693.63,5.28,688.35,208.7,95.4
27780,"Johnstown, PA",NO2,98th Percentile,1,58,57,57,54,55,52,51,50,45,48,48,46,42,42,45,45,42,44,45,38,43,42,34,37,41,39,36,3800000US3680,3680,"United States - In metropolitan statistical area - Johnstown, PA MSA","Johnstown, PA MSA",232621,102959,1774.6,11.92,1762.68,132,58.4,310M100US27780,27780,"United States - In metropolitan statistical area - Johnstown, PA MSA",143679,65650,693.63,5.28,688.35,208.7,95.4
27780,"Johnstown, PA",NO2,Annual Mean,1,18,19,18,17,18,15,18,16,15,15,15,14,12,13,13,13,12,12,12,9,10,9,9,8,7,9,7,3800000US3680,3680,"United States - In metropolitan statistical area - Johnstown, PA MSA","Johnstown, PA MSA",232621,102959,1774.6,11.92,1762.68,132,58.4,310M100US27780,27780,"United States - In metropolitan statistical area - Johnstown, PA MSA",143679,65650,693.63,5.28,688.35,208.7,95.4
27780,"Johnstown, PA",CO,2nd Max,1,3.7,4.8,4.4,4.2,4.1,3.5,4.8,2.7,3.1,2.8,2,2.1,2.6,2.2,2.1,1.2,1.5,1.9,1.6,1.4,1.1,1.4,1.2,1.6,1.2,1.1,0.7,3800000US3680,3680,"United States - In metropolitan statistical area - Johnstown, PA MSA","Johnstown, PA MSA",232621,102959,1774.6,11.92,1762.68,132,58.4,310M100US27780,27780,"United States - In metropolitan statistical area - Johnstown, PA MSA",143679,65650,693.63,5.28,688.35,208.7,95.4
27780,"Johnstown, PA",O3,4th Max,1,0.08,0.096,0.074,0.083,0.083,0.09,0.083,0.092,0.098,0.09,0.086,0.09,0.088,0.083,0.071,0.077,0.073,0.072,0.067,0.064,0.072,0.072,0.073,0.065,0.06,0.065,0.064,3800000US3680,3680,"United States - In metropolitan statistical area - Johnstown, PA MSA","Johnstown, PA MSA",232621,102959,1774.6,11.92,1762.68,132,58.4,310M100US27780,27780,"United States - In metropolitan statistical area - Johnstown, PA MSA",143679,65650,693.63,5.28,688.35,208.7,95.4
28140,"Kansas City, MO-KS",SO2,99th Percentile,1,60,27,72,62,55,78,62,39,17,29,71,29,79,111,143,139,170,160,177,175,168,162,167,156,125,142,9,3800000US3760,3760,"United States - In metropolitan statistical area - Kansas City, MO-KS MSA","Kansas City, MO-KS MSA",1776062,740884,5485.39,79.18,5406.21,328.5,137,310M100US28140,28140,"United States - In metropolitan statistical area - Kansas City, MO-KS MSA",2035334,883099,7950.44,123.09,7827.34,260,112.8
28140,"Kansas City, MO-KS",O3,4th Max,2,0.075,0.088,0.079,0.08,0.09,0.098,0.085,0.097,0.093,0.083,0.088,0.076,0.085,0.088,0.069,0.084,0.092,0.077,0.07,0.073,0.072,0.08,0.085,0.067,0.066,0.063,0.066,3800000US3760,3760,"United States - In metropolitan statistical area - Kansas City, MO-KS MSA","Kansas City, MO-KS MSA",1776062,740884,5485.39,79.18,5406.21,328.5,137,310M100US28140,28140,"United States - In metropolitan statistical area - Kansas City, MO-KS MSA",2035334,883099,7950.44,123.09,7827.34,260,112.8
28940,"Knoxville, TN",PM10,2nd Max,1,56,56,44,50,52,56,78,44,41,35,57,40,38,42,39,44,41,43,36,24,40,42,35,28,26,22,22,3800000US3840,3840,"United States - In metropolitan statistical area - Knoxville, TN MSA","Knoxville, TN MSA",687249,313394,2529.42,80.16,2449.26,280.6,128,310M100US28940,28940,"United States - In metropolitan statistical area - Knoxville, TN MSA",698030,315615,1931.72,74.87,1856.85,375.9,170
28940,"Knoxville, TN",O3,4th Max,4,0.093,0.083,0.083,0.091,0.088,0.094,0.091,0.093,0.104,0.099,0.096,0.087,0.099,0.086,0.075,0.084,0.082,0.087,0.08,0.067,0.075,0.075,0.075,0.061,0.062,0.066,0.068,3800000US3840,3840,"United States - In metropolitan statistical area - Knoxville, TN MSA","Knoxville, TN MSA",687249,313394,2529.42,80.16,2449.26,280.6,128,310M100US28940,28940,"United States - In metropolitan statistical area - Knoxville, TN MSA",698030,315615,1931.72,74.87,1856.85,375.9,170
29340,"Lake Charles, LA",O3,4th Max,1,0.085,0.087,0.073,0.077,0.075,0.084,0.077,0.085,0.09,0.073,0.082,0.078,0.074,0.084,0.082,0.085,0.08,0.078,0.069,0.077,0.078,0.072,0.072,0.065,0.067,0.072,0.065,3800000US3960,3960,"United States - In metropolitan statistical area - Lake Charles, LA MSA","Lake Charles, LA MSA",183577,75995,1094.34,23.22,1071.12,171.4,70.9,310M100US29340,29340,"United States - In metropolitan statistical area - Lake Charles, LA MSA",199607,85651,3030.94,682.4,2348.55,85,36.5
29460,"Lakeland-Winter Haven, FL",O3,4th Max,1,0.066,0.066,0.066,0.08,0.071,0.071,0.068,0.079,0.088,0.078,0.079,0.081,0.072,0.074,0.069,0.074,0.076,0.077,0.069,0.065,0.064,0.069,0.071,0.064,0.063,0.062,0.064,3800000US3980,3980,"United States - In metropolitan statistical area - Lakeland-Winter Haven, FL MSA","Lakeland-Winter Haven, FL MSA",483924,226376,2009.99,135.6,1874.38,258.2,120.8,310M100US29460,29460,"United States - In metropolitan statistical area - Lakeland-Winter Haven, FL MSA",602095,281214,2010.55,212.71,1797.84,334.9,156.4
29540,"Lancaster, PA",NO2,98th Percentile,1,56,62,50,55,70,60,56,52,48,54,50,50,44,49,48,50,46,42,39,38,42,48,36,37,42,46,46,3800000US4000,4000,"United States - In metropolitan statistical area - Lancaster, PA MSA","Lancaster, PA MSA",470658,179990,983.81,34.75,949.06,495.9,189.7,310M100US29540,29540,"United States - In metropolitan statistical area - Lancaster, PA MSA",519445,202952,983.8,39.99,943.81,550.4,215
29540,"Lancaster, PA",NO2,Annual Mean,1,17,18,15,15,19,16,17,16,15,15,14,14,13,15,14,14,13,12,11,10,8,12,9,9,9,9,9,3800000US4000,4000,"United States - In metropolitan statistical area - Lancaster, PA MSA","Lancaster, PA MSA",470658,179990,983.81,34.75,949.06,495.9,189.7,310M100US29540,29540,"United States - In metropolitan statistical area - Lancaster, PA MSA",519445,202952,983.8,39.99,943.81,550.4,215
29540,"Lancaster, PA",O3,4th Max,1,0.087,0.099,0.086,0.095,0.093,0.102,0.085,0.102,0.101,0.102,0.09,0.097,0.097,0.083,0.081,0.085,0.085,0.083,0.08,0.069,0.082,0.078,0.081,0.066,0.066,0.07,0.071,3800000US4000,4000,"United States - In metropolitan statistical area - Lancaster, PA MSA","Lancaster, PA MSA",470658,179990,983.81,34.75,949.06,495.9,189.7,310M100US29540,29540,"United States - In metropolitan statistical area - Lancaster, PA MSA",519445,202952,983.8,39.99,943.81,550.4,215
29620,"Lansing-East Lansing, MI",O3,4th Max,2,0.08,0.083,0.08,0.079,0.079,0.082,0.077,0.077,0.08,0.088,0.076,0.085,0.087,0.086,0.069,0.08,0.071,0.081,0.069,0.067,0.065,0.07,0.08,0.065,0.066,0.064,0.073,3800000US4040,4040,"United States - In metropolitan statistical area - Lansing-East Lansing, MI MSA","Lansing-East Lansing, MI MSA",447728,181804,1714.53,7.48,1707.06,262.3,106.5,310M100US29620,29620,"United States - In metropolitan statistical area - Lansing-East Lansing, MI MSA",464036,199026,1714.7,17,1697.7,273.3,117.2
29740,"Las Cruces, NM",PM10,2nd Max,1,146,108,106,97,125,84,78,62,55,104,63,70,95,169,81,64,186,115,79,89,75,151,60,228,80,39,50,3800000US4100,4100,"United States - In metropolitan statistical area - Las Cruces, NM MSA","Las Cruces, NM MSA",174682,65210,3814.62,7.44,3807.18,45.9,17.1,310M100US29740,29740,"United States - In metropolitan statistical area - Las Cruces, NM MSA",209233,81492,3814.38,6.87,3807.51,55,21.4
29740,"Las Cruces, NM",O3,4th Max,2,0.074,0.074,0.075,0.078,0.079,0.08,0.079,0.071,0.076,0.078,0.077,0.073,0.077,0.078,0.07,0.07,0.073,0.069,0.068,0.063,0.063,0.065,0.074,0.063,0.066,0.069,0.065,3800000US4100,4100,"United States - In metropolitan statistical area - Las Cruces, NM MSA","Las Cruces, NM MSA",174682,65210,3814.62,7.44,3807.18,45.9,17.1,310M100US29740,29740,"United States - In metropolitan statistical area - Las Cruces, NM MSA",209233,81492,3814.38,6.87,3807.51,55,21.4
30700,"Lincoln, NE",O3,4th Max,1,0.057,0.06,0.067,0.049,0.062,0.06,0.054,0.054,0.058,0.053,0.057,0.051,0.054,0.06,0.056,0.056,0.056,0.054,0.051,0.053,0.05,0.053,0.058,0.055,0.061,0.061,0.058,3800000US4360,4360,"United States - In metropolitan statistical area - Lincoln, NE MSA","Lincoln, NE MSA",250291,104217,846.71,7.83,838.88,298.4,124.2,310M100US30700,30700,"United States - In metropolitan statistical area - Lincoln, NE MSA",302157,127750,1422.27,13.29,1408.98,214.5,90.7
31540,"Madison, WI",O3,4th Max,2,0.077,0.082,0.079,0.062,0.07,0.084,0.082,0.076,0.076,0.086,0.072,0.078,0.081,0.078,0.065,0.079,0.066,0.079,0.064,0.063,0.062,0.068,0.074,0.067,0.068,0.064,0.068,3800000US4720,4720,"United States - In metropolitan statistical area - Madison, WI MSA","Madison, WI MSA",426526,180398,1238.32,36.42,1201.89,354.9,150.1,310M100US31540,31540,"United States - In metropolitan statistical area - Madison, WI MSA",568593,252878,2802.15,76.8,2725.35,208.6,92.8
32900,"Merced, CA",NO2,Annual Mean,1,15,15,15,14,13,12,12,13,12,13,12,12,12,12,11,11,10,9,9,8,7,7,7,8,8,7,7,3800000US4940,4940,"United States - In metropolitan statistical area - Merced, CA MSA","Merced, CA MSA",210554,68373,1971.87,43.18,1928.69,109.2,35.5,310M100US32900,32900,"United States - In metropolitan statistical area - Merced, CA MSA",255793,83698,1978.51,43.54,1934.97,132.2,43.3
32900,"Merced, CA",O3,4th Max,1,0.102,0.102,0.102,0.096,0.097,0.107,0.102,0.074,0.112,0.105,0.103,0.096,0.105,0.107,0.096,0.083,0.087,0.087,0.105,0.08,0.09,0.082,0.079,0.083,0.082,0.083,0.082,3800000US4940,4940,"United States - In metropolitan statistical area - Merced, CA MSA","Merced, CA MSA",210554,68373,1971.87,43.18,1928.69,109.2,35.5,310M100US32900,32900,"United States - In metropolitan statistical area - Merced, CA MSA",255793,83698,1978.51,43.54,1934.97,132.2,43.3
33660,"Mobile, AL",O3,4th Max,1,0.087,0.061,0.076,0.074,0.072,0.079,0.081,0.081,0.098,0.085,0.089,0.076,0.075,0.08,0.074,0.073,0.085,0.077,0.076,0.067,0.074,0.07,0.069,0.06,0.068,0.06,0.062,3800000US5160,5160,"United States - In metropolitan statistical area - Mobile, AL MSA","Mobile, AL MSA",540258,239386,3670.95,841.51,2829.44,190.9,84.6,310M100US33660,33660,"United States - In metropolitan statistical area - Mobile, AL MSA",412992,178196,1644.01,414.58,1229.44,335.9,144.9
33700,"Modesto, CA",NO2,Annual Mean,1,21,21,21,17,18,17,17,18,18,19,16,17,17,15,14,13,13,12,12,11,10,11,11,11,10,9,9,3800000US5170,5170,"United States - In metropolitan statistical area - Modesto, CA MSA","Modesto, CA MSA",446997,150807,1514.67,20.88,1493.79,299.2,101,310M100US33700,33700,"United States - In metropolitan statistical area - Modesto, CA MSA",514453,179503,1514.69,19.86,1494.83,344.2,120.1
33700,"Modesto, CA",CO,2nd Max,1,4.1,4.1,4.1,2.7,3.9,3,3,3.2,3.2,3.4,2.9,3.1,2.7,2,1.8,1.8,2,1.7,1.4,1.4,1.5,1.4,1.4,1.5,1.1,0.9,0.9,3800000US5170,5170,"United States - In metropolitan statistical area - Modesto, CA MSA","Modesto, CA MSA",446997,150807,1514.67,20.88,1493.79,299.2,101,310M100US33700,33700,"United States - In metropolitan statistical area - Modesto, CA MSA",514453,179503,1514.69,19.86,1494.83,344.2,120.1
33700,"Modesto, CA",O3,4th Max,2,0.096,0.091,0.089,0.093,0.09,0.099,0.096,0.086,0.103,0.089,0.089,0.093,0.095,0.088,0.084,0.084,0.091,0.076,0.098,0.083,0.08,0.081,0.085,0.078,0.081,0.084,0.083,3800000US5170,5170,"United States - In metropolitan statistical area - Modesto, CA MSA","Modesto, CA MSA",446997,150807,1514.67,20.88,1493.79,299.2,101,310M100US33700,33700,"United States - In metropolitan statistical area - Modesto, CA MSA",514453,179503,1514.69,19.86,1494.83,344.2,120.1
33860,"Montgomery, AL",O3,4th Max,1,0.078,0.066,0.076,0.085,0.078,0.087,0.076,0.07,0.091,0.077,0.084,0.077,0.08,0.071,0.072,0.069,0.072,0.074,0.068,0.061,0.073,0.068,0.065,0.061,0.06,0.061,0.061,3800000US5240,5240,"United States - In metropolitan statistical area - Montgomery, AL MSA","Montgomery, AL MSA",333055,138832,2061.41,54.43,2006.99,165.9,69.2,310M100US33860,33860,"United States - In metropolitan statistical area - Montgomery, AL MSA",374536,161573,2786.41,73.33,2713.08,138,59.6
36420,"Oklahoma City, OK",NO2,98th Percentile,1,59,59,55,60,60,60,59,63,63,63,57,55,59,55,54,53,55,52,54,45,47,55,60,46,46,43,45,3800000US5880,5880,"United States - In metropolitan statistical area - Oklahoma City, OK MSA","Oklahoma City, OK MSA",1083346,466230,4304.13,57.39,4246.74,255.1,109.8,310M100US36420,36420,"United States - In metropolitan statistical area - Oklahoma City, OK MSA",1252987,539077,5581.72,70.16,5511.56,227.3,97.8
36420,"Oklahoma City, OK",NO2,Annual Mean,2,13,11,12,12,13,12,12,13,12,12,12,12,12,10,9,10,9,9,8,7,8,8,7,7,6,6,6,3800000US5880,5880,"United States - In metropolitan statistical area - Oklahoma City, OK MSA","Oklahoma City, OK MSA",1083346,466230,4304.13,57.39,4246.74,255.1,109.8,310M100US36420,36420,"United States - In metropolitan statistical area - Oklahoma City, OK MSA",1252987,539077,5581.72,70.16,5511.56,227.3,97.8
36420,"Oklahoma City, OK",O3,4th Max,3,0.078,0.08,0.074,0.072,0.081,0.086,0.079,0.081,0.09,0.08,0.082,0.08,0.078,0.079,0.074,0.077,0.083,0.074,0.072,0.073,0.071,0.082,0.08,0.071,0.068,0.067,0.066,3800000US5880,5880,"United States - In metropolitan statistical area - Oklahoma City, OK MSA","Oklahoma City, OK MSA",1083346,466230,4304.13,57.39,4246.74,255.1,109.8,310M100US36420,36420,"United States - In metropolitan statistical area - Oklahoma City, OK MSA",1252987,539077,5581.72,70.16,5511.56,227.3,97.8
36980,"Owensboro, KY",SO2,99th Percentile,1,188,167,211,168,181,99,88,92,119,98,73,72,89,98,81,91,58,64,54,43,68,40,37,45,48,37,25,3800000US5990,5990,"United States - In metropolitan statistical area - Owensboro, KY MSA","Owensboro, KY MSA",91545,38432,476.27,13.88,462.39,198,83.1,310M100US36980,36980,"United States - In metropolitan statistical area - Owensboro, KY MSA",114752,49450,931.69,33.22,898.47,127.7,55
36980,"Owensboro, KY",NO2,98th Percentile,1,46,44,49,48,49,55,44,46,45,42,45,44,40,40,35,35,33,36,36,35,38,33,31,31,31,33,29,3800000US5990,5990,"United States - In metropolitan statistical area - Owensboro, KY MSA","Owensboro, KY MSA",91545,38432,476.27,13.88,462.39,198,83.1,310M100US36980,36980,"United States - In metropolitan statistical area - Owensboro, KY MSA",114752,49450,931.69,33.22,898.47,127.7,55
36980,"Owensboro, KY",NO2,Annual Mean,1,11,11,12,12,12,13,11,12,13,11,11,10,10,10,8,8,6,4,7,6,7,6,6,5,5,4,4,3800000US5990,5990,"United States - In metropolitan statistical area - Owensboro, KY MSA","Owensboro, KY MSA",91545,38432,476.27,13.88,462.39,198,83.1,310M100US36980,36980,"United States - In metropolitan statistical area - Owensboro, KY MSA",114752,49450,931.69,33.22,898.47,127.7,55
36980,"Owensboro, KY",O3,4th Max,2,0.095,0.076,0.076,0.082,0.091,0.092,0.088,0.086,0.091,0.092,0.077,0.075,0.09,0.073,0.069,0.078,0.076,0.084,0.072,0.068,0.073,0.078,0.084,0.065,0.065,0.068,0.068,3800000US5990,5990,"United States - In metropolitan statistical area - Owensboro, KY MSA","Owensboro, KY MSA",91545,38432,476.27,13.88,462.39,198,83.1,310M100US36980,36980,"United States - In metropolitan statistical area - Owensboro, KY MSA",114752,49450,931.69,33.22,898.47,127.7,55
38300,"Pittsburgh, PA",SO2,99th Percentile,4,153,144,154,144,172,138,106,111,119,107,111,117,116,116,104,104,91,127,90,98,70,65,50,36,49,49,32,3800000US6280,6280,"United States - In metropolitan statistical area - Pittsburgh, PA MSA","Pittsburgh, PA MSA",2358695,1046094,4678.69,53.06,4625.63,509.9,226.2,310M100US38300,38300,"United States - In metropolitan statistical area - Pittsburgh, PA MSA",2356285,1102048,5342.45,60.97,5281.48,446.1,208.7
38300,"Pittsburgh, PA",PM10,2nd Max,6,99,90.3,88.8,89,94.7,81.5,70.2,76,69.5,67.7,62.2,67.5,67.3,67.7,67,69.3,56.2,57.7,55,49.8,56.7,49.2,44.8,36.3,37.5,40.5,40.3,3800000US6280,6280,"United States - In metropolitan statistical area - Pittsburgh, PA MSA","Pittsburgh, PA MSA",2358695,1046094,4678.69,53.06,4625.63,509.9,226.2,310M100US38300,38300,"United States - In metropolitan statistical area - Pittsburgh, PA MSA",2356285,1102048,5342.45,60.97,5281.48,446.1,208.7
38300,"Pittsburgh, PA",NO2,98th Percentile,2,62,65,64,59,58,57,54,52,52,54,52,48,49,47,44,47,48,43,42,41,41,38,37,36,42,40,38,3800000US6280,6280,"United States - In metropolitan statistical area - Pittsburgh, PA MSA","Pittsburgh, PA MSA",2358695,1046094,4678.69,53.06,4625.63,509.9,226.2,310M100US38300,38300,"United States - In metropolitan statistical area - Pittsburgh, PA MSA",2356285,1102048,5342.45,60.97,5281.48,446.1,208.7
38300,"Pittsburgh, PA",NO2,Annual Mean,3,22,21,21,20,22,20,20,18,20,19,17,17,17,15,15,15,14,13,13,11,11,10,10,9,10,9,8,3800000US6280,6280,"United States - In metropolitan statistical area - Pittsburgh, PA MSA","Pittsburgh, PA MSA",2358695,1046094,4678.69,53.06,4625.63,509.9,226.2,310M100US38300,38300,"United States - In metropolitan statistical area - Pittsburgh, PA MSA",2356285,1102048,5342.45,60.97,5281.48,446.1,208.7
38300,"Pittsburgh, PA",CO,2nd Max,2,5.6,3.9,4.8,3.7,5.1,4.4,3.4,2.7,2.9,2.8,2.2,2.3,1.9,1.7,1.9,1.7,1.6,2.3,1.3,1.1,1.3,1.3,1.5,1.1,1.1,1.2,1.2,3800000US6280,6280,"United States - In metropolitan statistical area - Pittsburgh, PA MSA","Pittsburgh, PA MSA",2358695,1046094,4678.69,53.06,4625.63,509.9,226.2,310M100US38300,38300,"United States - In metropolitan statistical area - Pittsburgh, PA MSA",2356285,1102048,5342.45,60.97,5281.48,446.1,208.7
38300,"Pittsburgh, PA",Pb,rqmax,1,0.25,0.19,0.16,0.15,0.12,0.09,0.06,0.08,0.06,0.07,0.08,0.06,0.08,0.1,0.09,0.15,0.2,0.12,0.17,0.13,0.09,0.12,0.15,0.13,0.05,0.02,0.02,3800000US6280,6280,"United States - In metropolitan statistical area - Pittsburgh, PA MSA","Pittsburgh, PA MSA",2358695,1046094,4678.69,53.06,4625.63,509.9,226.2,310M100US38300,38300,"United States - In metropolitan statistical area - Pittsburgh, PA MSA",2356285,1102048,5342.45,60.97,5281.48,446.1,208.7
38300,"Pittsburgh, PA",O3,4th Max,5,0.08,0.093,0.074,0.088,0.094,0.095,0.089,0.092,0.1,0.092,0.082,0.087,0.095,0.087,0.072,0.082,0.075,0.077,0.074,0.067,0.075,0.072,0.079,0.067,0.065,0.069,0.068,3800000US6280,6280,"United States - In metropolitan statistical area - Pittsburgh, PA MSA","Pittsburgh, PA MSA",2358695,1046094,4678.69,53.06,4625.63,509.9,226.2,310M100US38300,38300,"United States - In metropolitan statistical area - Pittsburgh, PA MSA",2356285,1102048,5342.45,60.97,5281.48,446.1,208.7
38340,"Pittsfield, MA",O3,4th Max,1,0.092,0.092,0.087,0.083,0.074,0.072,0.081,0.078,0.069,0.075,0.072,0.092,0.086,0.083,0.071,0.087,0.076,0.08,0.072,0.066,0.073,0.067,0.073,0.066,0.063,0.063,0.063,3800000US6320,6320,"United States - In metropolitan statistical area - Pittsfield, MA MSA","Pittsfield, MA MSA",84699,40426,257.55,5.74,251.81,336.4,160.5,310M100US38340,38340,"United States - In metropolitan statistical area - Pittsfield, MA MSA",131219,68508,946.43,19.6,926.82,141.6,73.9
39340,"Provo-Orem, UT",PM10,2nd Max,2,117,210,191,193.5,97.5,92.5,125,104.5,68.5,82,77.5,97,92,87.5,93,68.5,80.5,101.5,133.5,121,96.5,61,67,121.5,57,54,63,3800000US6520,6520,"United States - In metropolitan statistical area - Provo-Orem, UT MSA","Provo-Orem, UT MSA",368536,104315,2140.98,142.64,1998.33,184.4,52.2,310M100US39340,39340,"United States - In metropolitan statistical area - Provo-Orem, UT MSA",526810,151852,5550.51,154.78,5395.73,97.6,28.1
39340,"Provo-Orem, UT",NO2,Annual Mean,1,19,19,19,26,24,23,24,23,24,24,24,24,25,22,22,21,20,21,19,18,15,17,17,19,17,14,15,3800000US6520,6520,"United States - In metropolitan statistical area - Provo-Orem, UT MSA","Provo-Orem, UT MSA",368536,104315,2140.98,142.64,1998.33,184.4,52.2,310M100US39340,39340,"United States - In metropolitan statistical area - Provo-Orem, UT MSA",526810,151852,5550.51,154.78,5395.73,97.6,28.1
39340,"Provo-Orem, UT",CO,2nd Max,1,10,7.4,7.6,5.5,5.7,4,5.6,4.3,4.1,4.2,3.4,3.7,3.1,2.6,2.5,2.1,2.1,2.5,1.8,2.5,1.9,2,1.8,2.1,1.9,2.1,1.3,3800000US6520,6520,"United States - In metropolitan statistical area - Provo-Orem, UT MSA","Provo-Orem, UT MSA",368536,104315,2140.98,142.64,1998.33,184.4,52.2,310M100US39340,39340,"United States - In metropolitan statistical area - Provo-Orem, UT MSA",526810,151852,5550.51,154.78,5395.73,97.6,28.1
39340,"Provo-Orem, UT",O3,4th Max,1,0.07,0.067,0.071,0.068,0.069,0.068,0.078,0.07,0.083,0.073,0.083,0.067,0.077,0.078,0.069,0.078,0.074,0.075,0.074,0.068,0.07,0.065,0.077,0.077,0.068,0.073,0.072,3800000US6520,6520,"United States - In metropolitan statistical area - Provo-Orem, UT MSA","Provo-Orem, UT MSA",368536,104315,2140.98,142.64,1998.33,184.4,52.2,310M100US39340,39340,"United States - In metropolitan statistical area - Provo-Orem, UT MSA",526810,151852,5550.51,154.78,5395.73,97.6,28.1
39660,"Rapid City, SD",PM10,2nd Max,1,67,166,101,84,85,83,75,69,58,49,55,59,50,62,41,33,42,54,47,44,61,48,50,43,49,35,33,3800000US6660,6660,"United States - In metropolitan statistical area - Rapid City, SD MSA","Rapid City, SD MSA",88565,37249,2784.31,8.16,2776.15,31.9,13.4,310M100US39660,39660,"United States - In metropolitan statistical area - Rapid City, SD MSA",126382,55949,6267.11,19.57,6247.54,20.2,9
39740,"Reading, PA",Pb,rqmax,1,0.62,0.6,0.43,0.57,0.84,0.53,0.27,0.33,0.33,0.29,0.33,0.32,0.24,0.41,0.43,0.4,0.36,0.36,0.24,0.25,0.2,0.18,0.22,0.17,0.03,0.03,0.01,3800000US6680,6680,"United States - In metropolitan statistical area - Reading, PA MSA","Reading, PA MSA",373638,150222,865.67,6.79,858.88,435,174.9,310M100US39740,39740,"United States - In metropolitan statistical area - Reading, PA MSA",411442,164827,865.76,9.25,856.51,480.4,192.4
39820,"Redding, CA",PM10,2nd Max,1,59,74,58,50,54,47,34,40,48,75,38,44,50,31,40,28,46,33,113,31,23,26,33,28,29,25,27,3800000US6690,6690,"United States - In metropolitan statistical area - Redding, CA MSA","Redding, CA MSA",163256,68810,3847.44,62.24,3785.19,43.1,18.2,310M100US39820,39820,"United States - In metropolitan statistical area - Redding, CA MSA",177223,77313,3847.42,72.02,3775.4,46.9,20.5
39820,"Redding, CA",O3,4th Max,1,0.078,0.066,0.066,0.064,0.078,0.074,0.073,0.067,0.078,0.084,0.074,0.073,0.075,0.07,0.068,0.067,0.074,0.076,0.083,0.064,0.065,0.065,0.071,0.068,0.065,0.066,0.064,3800000US6690,6690,"United States - In metropolitan statistical area - Redding, CA MSA","Redding, CA MSA",163256,68810,3847.44,62.24,3785.19,43.1,18.2,310M100US39820,39820,"United States - In metropolitan statistical area - Redding, CA MSA",177223,77313,3847.42,72.02,3775.4,46.9,20.5
40220,"Roanoke, VA",NO2,98th Percentile,1,50,55,51,51,53,55,50,51,52,49,49,51,47,47,47,46,46,42,37,37,41,38,37,35,39,31,37,3800000US6800,6800,"United States - In metropolitan statistical area - Roanoke, VA MSA","Roanoke, VA MSA",235932,104352,854.48,3.48,851,277.2,122.6,310M100US40220,40220,"United States - In metropolitan statistical area - Roanoke, VA MSA",308707,144987,1896.76,28.08,1868.68,165.2,77.6
40220,"Roanoke, VA",SO2,99th Percentile,1,30,30,32,37,26,23,19,22,24,21,19,18,19,17,16,15,22,17,12,10,10,9,5,5,6,5,4,3800000US6800,6800,"United States - In metropolitan statistical area - Roanoke, VA MSA","Roanoke, VA MSA",235932,104352,854.48,3.48,851,277.2,122.6,310M100US40220,40220,"United States - In metropolitan statistical area - Roanoke, VA MSA",308707,144987,1896.76,28.08,1868.68,165.2,77.6
40220,"Roanoke, VA",NO2,Annual Mean,1,13,14,13,14,13,13,13,13,14,13,11,14,13,13,14,14,12,10,7,7,8,7,7,6,6,5,6,3800000US6800,6800,"United States - In metropolitan statistical area - Roanoke, VA MSA","Roanoke, VA MSA",235932,104352,854.48,3.48,851,277.2,122.6,310M100US40220,40220,"United States - In metropolitan statistical area - Roanoke, VA MSA",308707,144987,1896.76,28.08,1868.68,165.2,77.6
40220,"Roanoke, VA",O3,4th Max,1,0.075,0.077,0.072,0.084,0.084,0.079,0.073,0.084,0.099,0.089,0.081,0.089,0.091,0.077,0.071,0.076,0.076,0.076,0.071,0.064,0.073,0.067,0.07,0.057,0.06,0.062,0.064,3800000US6800,6800,"United States - In metropolitan statistical area - Roanoke, VA MSA","Roanoke, VA MSA",235932,104352,854.48,3.48,851,277.2,122.6,310M100US40220,40220,"United States - In metropolitan statistical area - Roanoke, VA MSA",308707,144987,1896.76,28.08,1868.68,165.2,77.6
40380,"Rochester, NY",O3,4th Max,1,0.087,0.102,0.082,0.082,0.078,0.096,0.069,0.085,0.086,0.089,0.07,0.086,0.094,0.084,0.065,0.065,0.064,0.078,0.073,0.061,0.071,0.058,0.072,0.066,0.064,0.061,0.067,3800000US6840,6840,"United States - In metropolitan statistical area - Rochester, NY MSA","Rochester, NY MSA",1098201,451362,5365.42,1939.9,3425.52,320.6,131.8,310M100US40380,40380,"United States - In metropolitan statistical area - Rochester, NY MSA",1054323,455397,4869.99,1941.87,2928.12,360.1,155.5
40420,"Rockford, IL",O3,4th Max,1,0.072,0.076,0.083,0.066,0.079,0.086,0.078,0.073,0.071,0.077,0.07,0.075,0.078,0.071,0.061,0.075,0.063,0.073,0.06,0.067,0.063,0.068,0.074,0.063,0.07,0.066,0.07,3800000US6880,6880,"United States - In metropolitan statistical area - Rockford, IL MSA","Rockford, IL MSA",371236,150238,1564.48,10.65,1553.84,238.9,96.7,310M100US40420,40420,"United States - In metropolitan statistical area - Rockford, IL MSA",349431,145935,801.28,7.19,794.08,440,183.8
40580,"Rocky Mount, NC",O3,4th Max,1,0.084,0.087,0.089,0.092,0.088,0.084,0.08,0.089,0.091,0.092,0.085,0.085,0.095,0.088,0.072,0.079,0.074,0.08,0.075,0.066,0.072,0.072,0.071,0.064,0.062,0.061,0.064,3800000US6895,6895,"United States - In metropolitan statistical area - Rocky Mount, NC MSA","Rocky Mount, NC MSA",143026,61053,1049.27,3.98,1045.29,136.8,58.4,310M100US40580,40580,"United States - In metropolitan statistical area - Rocky Mount, NC MSA",152392,67124,1049.42,3.68,1045.74,145.7,64.2
41180,"St. Louis, MO-IL",SO2,99th Percentile,4,130,145,165,122,158,159,121,108,109,121,95,116,92,102,64,92,53,51,69,43,39,20,20,20,21,15,15,3800000US7040,7040,"United States - In metropolitan statistical area - St. Louis, MO-IL MSA","St. Louis, MO-IL MSA",2603607,1092915,6547.6,155.53,6392.07,407.3,171,310M100US41180,41180,"United States - In metropolitan statistical area - St. Louis, MO-IL MSA",2812896,1236222,8844.37,221.13,8623.24,326.2,143.4
41180,"St. Louis, MO-IL",NO2,98th Percentile,1,58,61,64,61,62,67,57,54,56,60,57,55,51,53,49,50,50,52,48,49,43,37,40,43,43,40,35,3800000US7040,7040,"United States - In metropolitan statistical area - St. Louis, MO-IL MSA","St. Louis, MO-IL MSA",2603607,1092915,6547.6,155.53,6392.07,407.3,171,310M100US41180,41180,"United States - In metropolitan statistical area - St. Louis, MO-IL MSA",2812896,1236222,8844.37,221.13,8623.24,326.2,143.4
41180,"St. Louis, MO-IL",NO2,Annual Mean,1,21,21,20,20,20,21,20,19,18,18,18,19,17,16,16,15,15,16,14,14,12,9,12,11,11,8,9,3800000US7040,7040,"United States - In metropolitan statistical area - St. Louis, MO-IL MSA","St. Louis, MO-IL MSA",2603607,1092915,6547.6,155.53,6392.07,407.3,171,310M100US41180,41180,"United States - In metropolitan statistical area - St. Louis, MO-IL MSA",2812896,1236222,8844.37,221.13,8623.24,326.2,143.4
41180,"St. Louis, MO-IL",Pb,rqmax,3,1.43,1.15,1.57,1.06,1.13,1.37,1.14,0.87,0.85,0.84,1.01,2.07,0.6,0.38,0.92,0.29,0.29,0.4,0.39,0.35,0.32,0.26,0.32,0.2,0.1,0.04,0.04,3800000US7040,7040,"United States - In metropolitan statistical area - St. Louis, MO-IL MSA","St. Louis, MO-IL MSA",2603607,1092915,6547.6,155.53,6392.07,407.3,171,310M100US41180,41180,"United States - In metropolitan statistical area - St. Louis, MO-IL MSA",2812896,1236222,8844.37,221.13,8623.24,326.2,143.4
41180,"St. Louis, MO-IL",O3,4th Max,7,0.085,0.084,0.08,0.08,0.085,0.092,0.087,0.085,0.085,0.09,0.082,0.079,0.092,0.084,0.074,0.087,0.078,0.081,0.068,0.068,0.075,0.078,0.085,0.069,0.068,0.067,0.072,3800000US7040,7040,"United States - In metropolitan statistical area - St. Louis, MO-IL MSA","St. Louis, MO-IL MSA",2603607,1092915,6547.6,155.53,6392.07,407.3,171,310M100US41180,41180,"United States - In metropolitan statistical area - St. Louis, MO-IL MSA",2812896,1236222,8844.37,221.13,8623.24,326.2,143.4
41500,"Salinas, CA",O3,4th Max,1,0.066,0.065,0.067,0.077,0.068,0.064,0.07,0.061,0.057,0.063,0.063,0.063,0.066,0.065,0.07,0.056,0.06,0.059,0.06,0.057,0.063,0.056,0.054,0.059,0.063,0.059,0.056,3800000US7120,7120,"United States - In metropolitan statistical area - Salinas, CA MSA","Salinas, CA MSA",401762,131708,3771.07,449.12,3321.95,120.9,39.6,310M100US41500,41500,"United States - In metropolitan statistical area - Salinas, CA MSA",415057,139048,3771.22,490.63,3280.6,126.5,42.4
42140,"Santa Fe, NM",PM10,2nd Max,1,54,39,47,34,29,33,32,33,28,30,27,28,37,41,21,35,28,30,26,34,27,62,19,21,24,24,24,3800000US7490,7490,"United States - In metropolitan statistical area - Santa Fe, NM MSA","Santa Fe, NM MSA",147635,65638,2020.13,1.6,2018.54,73.1,32.5,310M100US42140,42140,"United States - In metropolitan statistical area - Santa Fe, NM MSA",144170,71267,1910.87,1.46,1909.41,75.5,37.3
43340,"Shreveport-Bossier City, LA",O3,4th Max,2,0.088,0.081,0.083,0.088,0.08,0.081,0.079,0.084,0.09,0.091,0.09,0.081,0.076,0.08,0.072,0.082,0.084,0.073,0.069,0.073,0.078,0.083,0.071,0.068,0.066,0.066,0.064,3800000US7680,7680,"United States - In metropolitan statistical area - Shreveport-Bossier City, LA MSA","Shreveport-Bossier City, LA MSA",392302,167573,2418.91,102.44,2316.47,169.4,72.3,310M100US43340,43340,"United States - In metropolitan statistical area - Shreveport-Bossier City, LA MSA",398604,173669,2698.63,104.46,2594.18,153.7,66.9
44060,"Spokane-Spokane Valley, WA",O3,4th Max,1,0.057,0.061,0.063,0.06,0.068,0.065,0.067,0.068,0.07,0.065,0.068,0.071,0.071,0.079,0.069,0.067,0.069,0.064,0.058,0.057,0.058,0.056,0.063,0.062,0.06,0.063,0.056,3800000US7840,7840,"United States - In metropolitan statistical area - Spokane, WA MSA","Spokane, WA MSA",417939,175005,1780.72,17.09,1763.64,237,99.2,310M100US44060,44060,"United States - In metropolitan statistical area - Spokane, WA MSA",471221,201434,1780.7,16.91,1763.79,267.2,114.2
44100,"Springfield, IL",SO2,99th Percentile,1,216,216,203,194,223,243,223,216,245,215,165,114,106,129,111,102,91,139,131,24,24,27,15,12,21,7,7,3800000US7880,7880,"United States - In metropolitan statistical area - Springfield, IL MSA","Springfield, IL MSA",201437,90744,1192.38,9.95,1182.43,170.4,76.7,310M100US44100,44100,"United States - In metropolitan statistical area - Springfield, IL MSA",210170,95555,1192.48,9.74,1182.74,177.7,80.8
44180,"Springfield, MO",SO2,99th Percentile,1,273,202,225,208,285,163,240,115,109,70,123,100,86,63,54,59,68,76,88,66,62,59,41,31,22,14,4,3800000US7920,7920,"United States - In metropolitan statistical area - Springfield, MO MSA","Springfield, MO MSA",325721,138396,1835.53,4.08,1831.45,177.8,75.6,310M100US44180,44180,"United States - In metropolitan statistical area - Springfield, MO MSA",436712,192346,3020.71,13.91,3006.8,145.2,64
44180,"Springfield, MO",O3,4th Max,1,0.061,0.064,0.067,0.067,0.073,0.085,0.081,0.068,0.071,0.081,0.074,0.071,0.074,0.072,0.064,0.077,0.074,0.08,0.067,0.062,0.066,0.073,0.075,0.062,0.06,0.061,0.058,3800000US7920,7920,"United States - In metropolitan statistical area - Springfield, MO MSA","Springfield, MO MSA",325721,138396,1835.53,4.08,1831.45,177.8,75.6,310M100US44180,44180,"United States - In metropolitan statistical area - Springfield, MO MSA",436712,192346,3020.71,13.91,3006.8,145.2,64
44140,"Springfield, MA",NO2,98th Percentile,2,68,65,56,65,74,54,54,53,49,63,58,56,50,49,44,43,39,38,42,38,37,47,29,37,30,40,34,3800000US8000,8000,"United States - In metropolitan statistical area - Springfield, MA MSA","Springfield, MA MSA",591932,236653,760.23,24.6,735.63,804.7,321.7,310M100US44140,44140,"United States - In metropolitan statistical area - Springfield, MA MSA",692942,288536,1904.04,60.32,1843.72,375.8,156.5
44140,"Springfield, MA",SO2,99th Percentile,2,60,55,60,42,79,38,37,32,31,31,38,35,30,34,32,37,24,24,20,20,9,15,10,9,6,5,4,3800000US8000,8000,"United States - In metropolitan statistical area - Springfield, MA MSA","Springfield, MA MSA",591932,236653,760.23,24.6,735.63,804.7,321.7,310M100US44140,44140,"United States - In metropolitan statistical area - Springfield, MA MSA",692942,288536,1904.04,60.32,1843.72,375.8,156.5
44140,"Springfield, MA",NO2,Annual Mean,2,18,17,16,16,19,15,16,15,13,14,15,15,14,13,11,11,9,9,11,9,9,10,8,8,8,8,7,3800000US8000,8000,"United States - In metropolitan statistical area - Springfield, MA MSA","Springfield, MA MSA",591932,236653,760.23,24.6,735.63,804.7,321.7,310M100US44140,44140,"United States - In metropolitan statistical area - Springfield, MA MSA",692942,288536,1904.04,60.32,1843.72,375.8,156.5
44140,"Springfield, MA",CO,2nd Max,1,6.4,6.5,6.9,5.5,7.2,7.4,6.5,5.3,4.6,4,4,2.9,3.3,3,3.1,2.6,2.4,1.3,2.5,1.8,1.7,3,1.5,1.3,0.9,1.2,1.5,3800000US8000,8000,"United States - In metropolitan statistical area - Springfield, MA MSA","Springfield, MA MSA",591932,236653,760.23,24.6,735.63,804.7,321.7,310M100US44140,44140,"United States - In metropolitan statistical area - Springfield, MA MSA",692942,288536,1904.04,60.32,1843.72,375.8,156.5
44140,"Springfield, MA",O3,4th Max,3,0.092,0.097,0.094,0.093,0.094,0.091,0.083,0.095,0.089,0.089,0.075,0.089,0.096,0.073,0.074,0.086,0.083,0.088,0.077,0.074,0.073,0.067,0.073,0.066,0.065,0.067,0.07,3800000US8000,8000,"United States - In metropolitan statistical area - Springfield, MA MSA","Springfield, MA MSA",591932,236653,760.23,24.6,735.63,804.7,321.7,310M100US44140,44140,"United States - In metropolitan statistical area - Springfield, MA MSA",692942,288536,1904.04,60.32,1843.72,375.8,156.5
45060,"Syracuse, NY",SO2,99th Percentile,1,30,30,30,24,24,24,23,21,21,21,26,19,16,20,22,19,16,16,13,14,10,9,7,5,5,4,3,3800000US8160,8160,"United States - In metropolitan statistical area - Syracuse, NY MSA","Syracuse, NY MSA",732117,313587,3643.06,560.42,3082.64,237.5,101.7,310M100US45060,45060,"United States - In metropolitan statistical area - Syracuse, NY MSA",662577,287712,2778.98,394.1,2384.88,277.8,120.6
45060,"Syracuse, NY",O3,4th Max,1,0.089,0.089,0.085,0.08,0.077,0.09,0.07,0.079,0.082,0.086,0.074,0.085,0.091,0.081,0.066,0.077,0.071,0.081,0.07,0.061,0.073,0.069,0.074,0.065,0.063,0.063,0.067,3800000US8160,8160,"United States - In metropolitan statistical area - Syracuse, NY MSA","Syracuse, NY MSA",732117,313587,3643.06,560.42,3082.64,237.5,101.7,310M100US45060,45060,"United States - In metropolitan statistical area - Syracuse, NY MSA",662577,287712,2778.98,394.1,2384.88,277.8,120.6
45300,"Tampa-St. Petersburg-Clearwater, FL",SO2,99th Percentile,3,209,190,187,169,184,135,130,144,133,164,121,136,123,117,87,73,75,67,45,37,32,25,21,19,18,12,13,3800000US8280,8280,"United States - In metropolitan statistical area - Tampa-St. Petersburg-Clearwater, FL MSA","Tampa-St. Petersburg-Clearwater, FL MSA",2395997,1143979,3330.93,776.95,2553.98,938.1,447.9,310M100US45300,45300,"United States - In metropolitan statistical area - Tampa-St. Petersburg-Clearwater, FL MSA",2783243,1353158,3331.37,817.93,2513.44,1107.3,538.4
45300,"Tampa-St. Petersburg-Clearwater, FL",NO2,98th Percentile,1,63,53,56,58,48,51,49,57,57,57,58,48,48,45,41,36,41,42,41,38,38,34,34,34,30,26,31,3800000US8280,8280,"United States - In metropolitan statistical area - Tampa-St. Petersburg-Clearwater, FL MSA","Tampa-St. Petersburg-Clearwater, FL MSA",2395997,1143979,3330.93,776.95,2553.98,938.1,447.9,310M100US45300,45300,"United States - In metropolitan statistical area - Tampa-St. Petersburg-Clearwater, FL MSA",2783243,1353158,3331.37,817.93,2513.44,1107.3,538.4
45300,"Tampa-St. Petersburg-Clearwater, FL",PM10,2nd Max,3,46.3,46,50.7,51.3,56.7,49,47,63.7,61.7,44.7,49.3,49.3,41,41.7,37.3,43.3,48,52.3,46.7,34.7,41.7,32,35.7,30,44.7,42.7,32.7,3800000US8280,8280,"United States - In metropolitan statistical area - Tampa-St. Petersburg-Clearwater, FL MSA","Tampa-St. Petersburg-Clearwater, FL MSA",2395997,1143979,3330.93,776.95,2553.98,938.1,447.9,310M100US45300,45300,"United States - In metropolitan statistical area - Tampa-St. Petersburg-Clearwater, FL MSA",2783243,1353158,3331.37,817.93,2513.44,1107.3,538.4
45300,"Tampa-St. Petersburg-Clearwater, FL",NO2,Annual Mean,2,13,12,11,11,10,11,10,10,11,13,12,11,11,10,9,8,8,8,7,6,6,5,5,5,5,4,4,3800000US8280,8280,"United States - In metropolitan statistical area - Tampa-St. Petersburg-Clearwater, FL MSA","Tampa-St. Petersburg-Clearwater, FL MSA",2395997,1143979,3330.93,776.95,2553.98,938.1,447.9,310M100US45300,45300,"United States - In metropolitan statistical area - Tampa-St. Petersburg-Clearwater, FL MSA",2783243,1353158,3331.37,817.93,2513.44,1107.3,538.4
45300,"Tampa-St. Petersburg-Clearwater, FL",O3,4th Max,7,0.08,0.07,0.074,0.071,0.075,0.075,0.074,0.08,0.091,0.084,0.081,0.081,0.069,0.077,0.074,0.075,0.074,0.075,0.075,0.064,0.067,0.071,0.066,0.066,0.065,0.062,0.064,3800000US8280,8280,"United States - In metropolitan statistical area - Tampa-St. Petersburg-Clearwater, FL MSA","Tampa-St. Petersburg-Clearwater, FL MSA",2395997,1143979,3330.93,776.95,2553.98,938.1,447.9,310M100US45300,45300,"United States - In metropolitan statistical area - Tampa-St. Petersburg-Clearwater, FL MSA",2783243,1353158,3331.37,817.93,2513.44,1107.3,538.4
45460,"Terre Haute, IN",SO2,99th Percentile,2,154,148,160,134,159,112,128,88,126,129,121,154,99,113,132,119,102,112,129,128,115,117,100,91,103,87,89,3800000US8320,8320,"United States - In metropolitan statistical area - Terre Haute, IN MSA","Terre Haute, IN MSA",149192,63705,1030.8,13,1017.8,146.6,62.6,310M100US45460,45460,"United States - In metropolitan statistical area - Terre Haute, IN MSA",172425,74136,1484.82,19.94,1464.87,117.7,50.6
45460,"Terre Haute, IN",PM10,2nd Max,1,87,66,53,65,55,61,46,53,52,48,54,47,43,54,43,54,38,54,38,42,44,38,36,32,35,35,29,3800000US8320,8320,"United States - In metropolitan statistical area - Terre Haute, IN MSA","Terre Haute, IN MSA",149192,63705,1030.8,13,1017.8,146.6,62.6,310M100US45460,45460,"United States - In metropolitan statistical area - Terre Haute, IN MSA",172425,74136,1484.82,19.94,1464.87,117.7,50.6
45460,"Terre Haute, IN",O3,4th Max,1,0.087,0.088,0.069,0.074,0.094,0.085,0.098,0.083,0.084,0.082,0.075,0.082,0.082,0.066,0.057,0.064,0.06,0.077,0.059,0.058,0.063,0.067,0.075,0.061,0.062,0.064,0.069,3800000US8320,8320,"United States - In metropolitan statistical area - Terre Haute, IN MSA","Terre Haute, IN MSA",149192,63705,1030.8,13,1017.8,146.6,62.6,310M100US45460,45460,"United States - In metropolitan statistical area - Terre Haute, IN MSA",172425,74136,1484.82,19.94,1464.87,117.7,50.6
45780,"Toledo, OH",O3,4th Max,1,0.088,0.088,0.08,0.089,0.091,0.091,0.091,0.085,0.081,0.086,0.078,0.091,0.096,0.094,0.078,0.087,0.074,0.078,0.073,0.072,0.072,0.074,0.082,0.065,0.065,0.064,0.063,3800000US8400,8400,"United States - In metropolitan statistical area - Toledo, OH MSA","Toledo, OH MSA",618203,259959,1623.75,259.18,1364.57,453,190.5,310M100US45780,45780,"United States - In metropolitan statistical area - Toledo, OH MSA",651429,301322,2208.66,590.24,1618.42,402.5,186.2
46060,"Tucson, AZ",PM10,2nd Max,3,91,48,56.3,52,41,69,46.3,55.3,52.3,143,91,100,115.7,98.3,80.3,59.3,81,79.7,92,92,50.7,71.3,71,101.7,91.7,45,53,3800000US8520,8520,"United States - In metropolitan statistical area - Tucson, AZ MSA","Tucson, AZ MSA",843746,366737,9188.83,2.57,9186.27,91.8,39.9,310M100US46060,46060,"United States - In metropolitan statistical area - Tucson, AZ MSA",980263,440909,9189.1,2.06,9187.04,106.7,48
46060,"Tucson, AZ",NO2,98th Percentile,1,74,62,62,62,65,63,60,59,55,59,60,53,55,54,52,47,45,49,49,44,46,47,47,44,43,40,34,3800000US8520,8520,"United States - In metropolitan statistical area - Tucson, AZ MSA","Tucson, AZ MSA",843746,366737,9188.83,2.57,9186.27,91.8,39.9,310M100US46060,46060,"United States - In metropolitan statistical area - Tucson, AZ MSA",980263,440909,9189.1,2.06,9187.04,106.7,48
46060,"Tucson, AZ",NO2,Annual Mean,1,19,18,16,18,19,19,18,18,17,18,17,15,17,17,15,15,16,13,13,12,12,12,11,10,10,9,8,3800000US8520,8520,"United States - In metropolitan statistical area - Tucson, AZ MSA","Tucson, AZ MSA",843746,366737,9188.83,2.57,9186.27,91.8,39.9,310M100US46060,46060,"United States - In metropolitan statistical area - Tucson, AZ MSA",980263,440909,9189.1,2.06,9187.04,106.7,48
46060,"Tucson, AZ",CO,2nd Max,3,4.6,4.4,4.7,4.5,4.6,4.3,4,3.5,3.1,3.1,3.5,2.4,2.2,2.4,1.9,2,1.7,1.5,1.3,1.1,1.1,1.2,1.1,1,1,1.1,0.9,3800000US8520,8520,"United States - In metropolitan statistical area - Tucson, AZ MSA","Tucson, AZ MSA",843746,366737,9188.83,2.57,9186.27,91.8,39.9,310M100US46060,46060,"United States - In metropolitan statistical area - Tucson, AZ MSA",980263,440909,9189.1,2.06,9187.04,106.7,48
46060,"Tucson, AZ",O3,4th Max,4,0.073,0.073,0.072,0.077,0.074,0.078,0.074,0.073,0.073,0.07,0.074,0.067,0.075,0.074,0.069,0.075,0.072,0.07,0.071,0.066,0.068,0.072,0.069,0.069,0.065,0.065,0.065,3800000US8520,8520,"United States - In metropolitan statistical area - Tucson, AZ MSA","Tucson, AZ MSA",843746,366737,9188.83,2.57,9186.27,91.8,39.9,310M100US46060,46060,"United States - In metropolitan statistical area - Tucson, AZ MSA",980263,440909,9189.1,2.06,9187.04,106.7,48
46140,"Tulsa, OK",SO2,99th Percentile,1,129,143,157,128,98,69,84,74,72,86,72,96,58,60,103,70,66,60,85,63,63,68,55,42,14,11,17,3800000US8560,8560,"United States - In metropolitan statistical area - Tulsa, OK MSA","Tulsa, OK MSA",803235,341415,5163,148.51,5014.5,160.2,68.1,310M100US46140,46140,"United States - In metropolitan statistical area - Tulsa, OK MSA",937478,409820,6460.09,190.85,6269.24,149.5,65.4
46140,"Tulsa, OK",O3,4th Max,2,0.09,0.086,0.078,0.076,0.085,0.094,0.085,0.082,0.087,0.088,0.089,0.081,0.083,0.085,0.071,0.078,0.081,0.071,0.073,0.07,0.071,0.083,0.084,0.07,0.064,0.064,0.065,3800000US8560,8560,"United States - In metropolitan statistical area - Tulsa, OK MSA","Tulsa, OK MSA",803235,341415,5163,148.51,5014.5,160.2,68.1,310M100US46140,46140,"United States - In metropolitan statistical area - Tulsa, OK MSA",937478,409820,6460.09,190.85,6269.24,149.5,65.4
46540,"Utica-Rome, NY",O3,4th Max,1,0.074,0.074,0.074,0.066,0.07,0.076,0.062,0.072,0.071,0.074,0.067,0.076,0.079,0.075,0.064,0.068,0.067,0.075,0.069,0.067,0.065,0.058,0.065,0.061,0.057,0.061,0.071,3800000US8680,8680,"United States - In metropolitan statistical area - Utica-Rome, NY MSA","Utica-Rome, NY MSA",299896,134829,2715.47,91.51,2623.95,114.3,51.4,310M100US46540,46540,"United States - In metropolitan statistical area - Utica-Rome, NY MSA",299397,137561,2715.61,91.71,2623.9,114.1,52.4
47020,"Victoria, TX",O3,4th Max,1,0.078,0.078,0.078,0.081,0.078,0.087,0.071,0.078,0.078,0.086,0.079,0.073,0.078,0.084,0.075,0.071,0.071,0.066,0.062,0.068,0.068,0.074,0.066,0.062,0.062,0.07,0.064,3800000US8750,8750,"United States - In metropolitan statistical area - Victoria, TX MSA","Victoria, TX MSA",84088,32945,888.73,6.23,882.5,95.3,37.3,310M100US47020,47020,"United States - In metropolitan statistical area - Victoria, TX MSA",115384,50537,2780.88,539.88,2241,51.5,22.6
48140,"Wausau, WI",O3,4th Max,1,0.081,0.081,0.081,0.066,0.064,0.075,0.07,0.068,0.077,0.084,0.073,0.072,0.073,0.074,0.065,0.075,0.066,0.072,0.064,0.06,0.06,0.065,0.069,0.063,0.064,0.063,0.064,3800000US8940,8940,"United States - In metropolitan statistical area - Wausau, WI MSA","Wausau, WI MSA",125834,50360,1576.14,31.18,1544.96,81.4,32.6,310M100US48140,48140,"United States - In metropolitan statistical area - Wausau, WI MSA",134063,57734,1576.31,31.33,1544.98,86.8,37.4
48540,"Wheeling, WV-OH",SO2,99th Percentile,1,286,286,286,299,289,278,241,309,290,284,177,191,137,154,175,157,147,161,113,61,101,79,55,49,43,38,8,3800000US9000,9000,"United States - In metropolitan statistical area - Wheeling, WV-OH MSA","Wheeling, WV-OH MSA",153172,69216,962.43,11.91,950.52,161.1,72.8,310M100US48540,48540,"United States - In metropolitan statistical area - Wheeling, WV-OH MSA",147950,69542,962.45,19.07,943.38,156.8,73.7
48620,"Wichita, KS",PM10,2nd Max,2,68.5,78,60,106,76.5,79,182,51,71,62.5,78,70.5,65,50.5,46,44,73.5,55,61,49,54,74.5,87.5,77,105.5,62.5,81.5,3800000US9040,9040,"United States - In metropolitan statistical area - Wichita, KS MSA","Wichita, KS MSA",545220,227687,2996.34,29.78,2966.56,183.8,76.8,310M100US48620,48620,"United States - In metropolitan statistical area - Wichita, KS MSA",623061,263043,4181.33,32.26,4149.07,150.2,63.4
48620,"Wichita, KS",O3,4th Max,1,0.077,0.072,0.07,0.059,0.067,0.069,0.074,0.079,0.083,0.079,0.08,0.084,0.079,0.08,0.068,0.074,0.073,0.06,0.067,0.072,0.075,0.079,0.08,0.071,0.069,0.064,0.062,3800000US9040,9040,"United States - In metropolitan statistical area - Wichita, KS MSA","Wichita, KS MSA",545220,227687,2996.34,29.78,2966.56,183.8,76.8,310M100US48620,48620,"United States - In metropolitan statistical area - Wichita, KS MSA",623061,263043,4181.33,32.26,4149.07,150.2,63.4
48900,"Wilmington, NC",O3,4th Max,1,0.082,0.083,0.083,0.083,0.082,0.079,0.076,0.083,0.087,0.067,0.08,0.078,0.08,0.076,0.07,0.075,0.072,0.071,0.063,0.06,0.062,0.064,0.064,0.064,0.063,0.057,0.06,3800000US9200,9200,"United States - In metropolitan statistical area - Wilmington, NC MSA","Wilmington, NC MSA",233450,131047,1377.93,324.2,1053.73,221.5,124.4,310M100US48900,48900,"United States - In metropolitan statistical area - Wilmington, NC MSA",362315,205642,2310.81,402.51,1908.3,189.9,107.8
49700,"Yuba City, CA",NO2,98th Percentile,1,70,70,70,70,65,66,61,61,51,69,67,64,62,62,52,51,53,47,54,47,45,44,46,52,44,39,39,3800000US9340,9340,"United States - In metropolitan statistical area - Yuba City, CA MSA","Yuba City, CA MSA",139149,50955,1252.31,19.08,1233.24,112.8,41.3,310M100US49700,49700,"United States - In metropolitan statistical area - Yuba City, CA MSA",166892,61493,1252.3,18.05,1234.25,135.2,49.8
49700,"Yuba City, CA",NO2,Annual Mean,1,17,17,17,17,16,13,12,14,13,14,13,14,15,14,12,12,12,12,12,9,8,8,10,10,8,7,7,3800000US9340,9340,"United States - In metropolitan statistical area - Yuba City, CA MSA","Yuba City, CA MSA",139149,50955,1252.31,19.08,1233.24,112.8,41.3,310M100US49700,49700,"United States - In metropolitan statistical area - Yuba City, CA MSA",166892,61493,1252.3,18.05,1234.25,135.2,49.8
49700,"Yuba City, CA",O3,4th Max,1,0.076,0.08,0.09,0.078,0.089,0.085,0.085,0.072,0.088,0.083,0.079,0.081,0.08,0.076,0.073,0.073,0.078,0.072,0.068,0.066,0.066,0.064,0.069,0.06,0.069,0.064,0.063,3800000US9340,9340,"United States - In metropolitan statistical area - Yuba City, CA MSA","Yuba City, CA MSA",139149,50955,1252.31,19.08,1233.24,112.8,41.3,310M100US49700,49700,"United States - In metropolitan statistical area - Yuba City, CA MSA",166892,61493,1252.3,18.05,1234.25,135.2,49.8
10420,"Akron, OH",SO2,99th Percentile,1,161,183,181,209,132,123,133,155,143,158,163,132,145,167,172,140,138,46,34,31,27,24,22,23,21,14,8,3850000US16920080,16920080,"United States - In metropolitan statistical area - Cleveland-Akron, OH MSA - Akron, OH MSA","Akron, OH MSA",694960,290976,927.17,22.06,905.11,767.8,321.5,310M100US10420,10420,"United States - In metropolitan statistical area - Akron, OH MSA",703200,312581,924.12,23.99,900.13,781.2,347.3
10420,"Akron, OH",CO,2nd Max,1,5.7,3.3,4.1,3.1,5.3,3.3,3.4,3.2,2.6,2.5,2.4,2.7,1.8,1.9,2.1,1.6,1.4,1.4,1.3,1.8,1.4,1,1.1,0.8,0.8,1,1.1,3850000US16920080,16920080,"United States - In metropolitan statistical area - Cleveland-Akron, OH MSA - Akron, OH MSA","Akron, OH MSA",694960,290976,927.17,22.06,905.11,767.8,321.5,310M100US10420,10420,"United States - In metropolitan statistical area - Akron, OH MSA",703200,312581,924.12,23.99,900.13,781.2,347.3
10420,"Akron, OH",O3,4th Max,2,0.09,0.101,0.087,0.093,0.086,0.092,0.091,0.087,0.097,0.097,0.085,0.096,0.1,0.09,0.079,0.091,0.074,0.087,0.075,0.067,0.074,0.073,0.072,0.059,0.06,0.065,0.06,3850000US16920080,16920080,"United States - In metropolitan statistical area - Cleveland-Akron, OH MSA - Akron, OH MSA","Akron, OH MSA",694960,290976,927.17,22.06,905.11,767.8,321.5,310M100US10420,10420,"United States - In metropolitan statistical area - Akron, OH MSA",703200,312581,924.12,23.99,900.13,781.2,347.3
24540,"Greeley, CO",PM10,2nd Max,1,66,80,60,99,57,59,56,56,39,47,58,46,51,41,85,48,52,65,60,61,43,46,91,47,60,57,51,3850000US20823060,20823060,"United States - In metropolitan statistical area - Denver-Boulder-Greeley, CO MSA - Greeley, CO MSA","Greeley, CO MSA",180936,66194,4021.56,29.11,3992.45,45.3,16.6,310M100US24540,24540,"United States - In metropolitan statistical area - Greeley, CO MSA",252825,96281,4016.8,29.56,3987.24,63.4,24.1
22420,"Flint, MI",O3,4th Max,2,0.076,0.08,0.07,0.07,0.075,0.081,0.087,0.083,0.089,0.092,0.073,0.091,0.089,0.089,0.076,0.08,0.074,0.083,0.069,0.068,0.068,0.073,0.084,0.066,0.068,0.067,0.073,3850000US21622640,21622640,"United States - In metropolitan statistical area - Detroit-Ann Arbor-Flint, MI MSA - Flint, MI MSA","Flint, MI MSA",436141,183630,649.34,9.7,639.64,681.9,287.1,310M100US22420,22420,"United States - In metropolitan statistical area - Flint, MI MSA",425790,192180,649.59,12.61,636.98,668.5,301.7
47220,"Vineland-Bridgeton, NJ",O3,4th Max,1,0.11,0.107,0.087,0.103,0.086,0.091,0.086,0.104,0.098,0.096,0.094,0.101,0.101,0.085,0.083,0.085,0.083,0.083,0.079,0.072,0.077,0.066,0.084,0.061,0.067,0.068,0.069,3850000US61628760,61628760,"United States - In metropolitan statistical area - Philadelphia-Wilmington-Atlantic City, PA-NJ-DE-MD MSA - Vineland-Millville-Bridgeton, NJ MSA","Vineland-Millville-Bridgeton, NJ MSA",146438,52863,676.59,187.29,489.3,299.3,108,310M100US47220,47220,"United States - In metropolitan statistical area - Vineland-Millville-Bridgeton, NJ MSA",156898,55834,677.62,193.92,483.7,324.4,115.4
